,Aon chicago 2015
,2015-01-25

200
1,ERIC LENINGER,,M,9:57,
2,JOHN OSBORN,,M,10:13,
3,DAN WALTERS,,M,10:38,
4,JASON LARSON,,M,10:43,
5,DAVID ROESKE,,M,10:49,
5,JOSHUA DUNCAN,,M,11:09 
6,LIZ RUVALCABA,,F,11:58,
7,BLAKE FALK,,M,12:01,
8,CINDY HARRIS,,F,12:09,
9,FRANK KUHLMANN,,M,12:11,
10,TONY IOSUE,,M,12:11,
11,BOB KLINKO,,M,12:30,
12,SURESH DECOSTA,,M,12:44,
13,DANIEL AIKEN,,M,12:46,
14,MICHAEL FITCH,,M,12:49,
15,DAVID HANLEY,,M,12:51,
16,HAL CARLSON,,M,12:53,
17,JENNIFER GLENN,,F,12:55,
18,LUKE SULLIVAN,,M,12:57,
19,CHRISTOPHER NAVIN,,M,13:02,
20,RYAN RATHBUN,,M,13:08,
21,ANDREW CHIAO,,M,13:18,
22,MYLES KNIGHT,,M,13:20,
23,DAVE KESTEL,,M,13:21,
24,DAVID BURNETT,,M,13:21,
25,RYAN CLERY,,M,13:25,
26,VIOREL STIRBU,,M,13:42,
27,NICK GULSON,,,13:48,
28,HARRIS LERNER,,M,13:52,
29,TERRY KURZYNSKI,,M,13:55,
30,DYLAN MILES,,M,13:56,
31,ANGELA MELTZER,,F,13:57,
32,JOHN SCHMIDT,,M,13:58,
33,NOLAN WILSON,,M,14:00,
34,SCOTT STANLEY,,M,14:02,
35,CRAIG WOLF,,M,14:03,
36,DARYL PERIMAN,,M,14:06,
37,BEN MCCORMICK,,M,14:16,
38,DEREK COHN,,M,14:18,
39,MARION GROSS,,F,14:18,
40,JOCK CAMERON,,M,14:21,
41,JOHN HORAN,,M,14:22,
42,MAX ROUSE,,,14:23,
43,JOHN TURNER,,M,14:23,
44,KOHL'S 26,,,14:24,
45,RYAN FITCH,,M,14:25,
46,BRADEN RENSHAW,,M,14:28,
47,DANIEL LINGER,,M,14:28,
48,ERIN HARVEGO,,F,14:29,
49,CARLIN KYHL,,,14:34,
50,KRISTIN FREY,,F,14:42,
51,JAY WESTENSEE,,M,14:43,
52,WILLIAM ZELKOVICH,,M,14:47,
53,MATTHEW PALUSZAK,,M,14:51,
54,LINDSEY PARR,,F,14:53,
55,JOE GERBASI,,M,14:53,
56,JIM DOWNEY,,M,14:54,
57,BOB TOEWS,,F,14:56,
58,SYD ARAK,,M,15:10,
59,JOSH KRAVITT,,M,15:12,
60,KAREN GENINATTI,,F,15:13,
61,STEPHEN KUMMER,,,15:16,
62,BUZZ THORNTON,,M,15:17,
63,Athlete Unknown,,,15:21,
64,WILL ROEVER,,M,15:27,
65,Athlete Unknown,,,15:28,
66,PETE RICHTER,,F,15:29,
67,DOMINIC CARMIGNANI,,M,15:30,
68,LEONARD BENBENEK,,M,15:31,
69,JOSHUA SCHUMACHER,,M,15:31,
70,MICHAEL MEGALL,,M,15:34,
71,PHILLIP DUNSFORD,,M,15:34,
72,ELIZABETH COFFEY,,F,15:35,
73,RYAN HESS,,M,15:38,
74,MEGAN CIMINO,,F,15:38,
75,LAURA PAPAGEORGIOU,,F,15:38,
76,MICHAEL LURIE,,M,15:42,
77,ROBERT KRAFT,,M,15:42,
78,WILLIAM ROSCHER,,M,15:45,
79,KATHRYN STENDER,,,15:46,
80,KYLE JOERGER,,M,15:46,
81,REID BUCCI,,M,15:48,
82,JACOB SURZ,,M,15:48,
83,JASON PARISH,,M,15:49,
84,CHRISTOPHER PELLERITO,,M,15:49,
85,KIM CARDEN,,F,15:51,
86,YONI WEISSMAN,,M,15:52,
87,CHARLES TURNER,,M,15:53,
88,LUCAS FARON,,M,15:53,
89,PATRICK RYAN,,M,15:54,
90,DANIEL BREEN,,M,15:56,
91,KIRSTY DEATNE,,,15:57,
92,MICHAEL CUNNINGS,,M,16:02,
93,JEREMY LUNDH,,M,16:08,
94,KEITH FRANZEN,,M,16:08,
95,GEORGE HERBOLD,,M,16:09,
96,BENJAMIN MONTAGUE,,M,16:10,
97,CEDRIC CAVAZOS,,M,16:11,
98,CORY NANUS,,M,16:12,
99,HENRY LOWENTHAL,,M,16:13,
100,ANDREW HANSON,,M,16:14,
101,SOHAIL SAJDEH,,M,16:17,
102,DANIEL STROMBERG,,M,16:18,
103,RICHARD BOGRAD,,,16:21,
104,JACKSON KYHL,,,16:22,
105,MICHAEL SPIZZIRRI,,M,16:24,
106,JEREMIAH GORMAN,,M,16:25,
107,PATRICK FRISBIE,,M,16:26,
108,MELISSA WINTERHALTER,,F,16:26,
109,BRYAN WATTERS,,M,16:26,
110,LINDA LINDEMAN,,F,16:27,
111,STEVEN OLSON,,M,16:28,
112,ROB GRZYB,,M,16:30,
113,GARRETT HARRIS,,M,16:30,
114,WILL KLINGE,,M,16:31,
115,MARIE VERHELST,,F,16:31,
116,JACK ALPORT,,M,16:32,
117,NORA MILITZ,,F,16:33,
118,TYLER DUZANSKY,,M,16:35,
119,STEPHEN SMITH,,M,16:36,
120,SCOTT REID,,M,16:38,
121,CHRISTOPHER GOETTL,,M,16:38,
122,NICHOLAS BERTA,,M,16:40,
123,JOE TENNANT,,M,16:42,
124,ROBERT HRDLICKA,,M,16:44,
125,DANIELLE STONE,,F,16:44,
126,TIM AUCH,,M,16:45,
127,QINCHAO LI,,M,16:45,
128,VADZIM AUSIANOVICH,,M,16:45,
129,JOEL HUNTER,,M,16:47,
130,DEREK HOUSEKNECHT,,M,16:48,
131,KOHL'S 16,,,16:49,
132,CESAR PINA,,M,16:50,
133,RYAN HORVATH,,M,16:51,
134,ERICA PERIMAN,,F,16:54,
135,PHILLIP LAGESCHULTE,,M,16:55,
136,JAMES MCDONALD,,M,16:55,
137,TYLER THYMIAN,,M,16:56,
138,MARK MESSERLY,,M,16:58,
139,FRANKLIN LURIE,,M,16:58,
140,BETH KRAMER,,F,16:58,
141,LYDIA GLENN,,F,16:59,
142,NOEL WESSELY,,M,17:00,
143,KOHL'S 15,,,17:01,
144,NINA MLYNEK,,F,17:03,
145,ERIC CENTAZZO,,M,17:03,
146,ROB ARMENTANO,,M,17:03,
147,BEN ROITMAN,,M,17:03,
148,ELDRIDGE BOLIN,,M,17:05,
149,KYLE TOOMBS,,M,17:05,
150,OSCAR LOPEZ,,M,17:05,
151,STEVE GALASSO,,M,17:05,
152,KOHL'S 96,,,17:06,
153,YESENIA ORTIZ,,F,17:06,
154,CHRISTOPHER CLEARY,,M,17:07,
155,KOHL'S 17,,,17:07,
156,DAVID ZYDEK,,M,17:07,
157,KELSEY TOOMBS,,F,17:08,
158,PETER KONTOPOULOS,,M,17:08,
159,BEN PERCIVAL,,M,17:08,
160,DAN NIEDHOLDT,,M,17:09,
161,PATRICK O'TOOLE,,M,17:10,
162,REGINA GOLDMAN,,F,17:10,
163,STEVE SNOWER,,M,17:10,
164,JASON ANDERSON,,M,17:10,
165,LISA LUBBEN,,F,17:11,
166,GRANT ANDERSON,,M,17:11,
167,WILLIAM SNYDER,,M,17:12,
168,CHARLES BOWER,,M,17:12,
169,BRANDON MANZANO,,,17:13,
170,ROBERT O'NEILL,,,17:14,
171,DANNY WEISS,,M,17:15,
172,BLAKE CUNNEEN,,M,17:16,
173,CHERYL KILBORN,,F,17:17,
174,GAVIN ANDERSON,,M,17:17,
175,DANIEL DREYFUS,,M,17:18,
176,SEAN SCHEPPACH,,M,17:18,
177,MATT WIEHL,,M,17:19,
178,NINA HALLIDAY,,F,17:20,
179,MALINA CHEREJI,,F,17:21,
180,COURTNEY BUTZEN,,F,17:21,
181,DANIEL HARROW,,M,17:22,
182,HENRY TURNER,,M,17:22,
183,DANIEL ROSEN,,M,17:22,
184,MICHELLE FARR,,F,17:23,
185,KOHL'S 77,,,17:24,
186,LUCAS RUPPERT,,M,17:24,
187,SCOTT BAGAN,,M,17:25,
188,HARISH NAMBIAR,,M,17:26,
189,TOM MCGEE,,M,17:26,
190,JACK RILEY,,M,17:26,
191,MELISSA WRIGHT,,F,17:28,
192,ANTHONY GUTH,,M,17:28,
193,TIMOTHY NOLAN,,M,17:29,
194,GIANFRANCO SORRENTINO,,M,17:29,
195,ALLISON GLENN,,F,17:30,
196,TOM ALBRECHT,,M,17:31,
197,EDEN SNOWER,,F,17:33,
198,JACOB WELP,,M,17:34,
199,Athlete Unknown,,,17:34,
200,JIM LOSIEWICZ,,M,17:35,
201,JAY FEECE,,M,17:35,
202,SANDY LOLLING,,F,17:37,
203,KOHL'S 88,,,17:38,
204,KRISTINA PAPRZYCA,,F,17:39,
205,DAVID KENNETH,,M,17:39,
206,KOHL'S 139,,,17:39,
207,ALEXANDER WILSON,,M,17:40,
208,BRIAN MYERS,,M,17:41,
209,RYAN LIEBERMAN,,M,17:41,
210,BRENDAN GLOYD,,M,17:43,
211,RILEY ZENKEWICZ,,F,17:43,
212,LOUIS BATTLE,,M,17:46,
213,SETH SNOWER,,M,17:48,
214,NILS LARSEN,,M,17:48,
215,JOHN LEAHY,,M,17:49,
216,JAMES SHIBLEY,,M,17:49,
217,BRENDEN HORN,,M,17:53,
218,BOB BOLLWEG,,M,17:53,
219,ROBERT PASINATO,,M,17:55,
220,AMADEA CHRISTIAN,,F,17:55,
221,MARK SCHUIT,,M,17:55,
222,SOREN MOORE,,M,17:56,
223,ETHAN MULLENS,,M,17:57,
224,JOEL ALPORT,,M,17:57,
225,BRIAN LANGHAM,,M,18:00,
226,JOHN DYER,,M,18:01,
227,DANIEL SWANSON,,M,18:01,
228,MATTHEW BELCHER,,M,18:01,
229,KRISTA LEWIS,,F,18:02,
230,PEJU AKINTORIN,,F,18:03,
231,Athlete Unknown,,,18:03,
232,OLIVIA MANSON,,F,18:05,
233,TIMOTHY WICHMAN,,M,18:07,
234,KOHL'S 164,,,18:08,
235,RACHEL HSU,,F,18:08,
236,KATRINA CLARK,,F,18:09,
237,EDWARD DONOVAN,,M,18:10,
238,JAKE LARIMER,,M,18:10,
239,STEVE GIBSON,,M,18:12,
240,JAMES BRENNWALD,,M,18:13,
241,DANIEL STROMBERG,,M,18:14,
242,SCOTT SIMPSON,,M,18:14,
243,GIDEON WARNE,,M,18:14,
244,ANABEL MENDOZA,,,18:17,
245,STEVEN DONNELLAN,,M,18:20,
246,ROBERT GREEN,,M,18:20,
247,DARINA SHUSTER,,F,18:21,
248,TOM KENS,,M,18:21,
249,KIMBERLY KMIECIK,,F,18:21,
250,LILY MORSE,,F,18:22,
251,JACK RIZZI,,M,18:22,
252,BRIDGET KEENEY,,F,18:23,
253,MARK ABELLERA,,,18:23,
254,MICHAEL GOLDMAN,,M,18:24,
255,MICHAEL KARTJE,,M,18:25,
256,BRIAN MAROZAS,,M,18:28,
257,BRIAN HALE,,M,18:28,
258,ROGER WOLF,,M,18:29,
259,KIRAN JOHNSON,,F,18:30,
260,AL TREGONING,,M,18:31,
261,NORA LEONARD,,F,18:31,
262,MEREDITH FRIEDMAN,,F,18:31,
263,JACK EISENBERG,,M,18:33,
264,DANIEL GERBASI,,M,18:33,
265,ZACH CARMIGNANI,,M,18:33,
266,ALEX BERTA,,M,18:34,
267,JOHN BIGGS,,M,18:34,
268,SCOTT VASICEK,,M,18:34,
269,MARYELLEN GILMORE-TREGONING,,F,18:35,
270,SEBASTIAN CARDENAS,,M,18:35,
271,RALPH SCHAUF,,M,18:35,
272,HANNAH CLOR,,F,18:35,
273,TIMMY OLSON,,M,18:37,
274,MICHAEL OSHEA,,M,18:38,
275,ANDREW RIZZI,,M,18:38,
276,KEN WALKER,,M,18:39,
277,ANTHONY TERMINI,,M,18:39,
278,EVAN KONO,,M,18:40,
279,DAVE LOMBARDO,,M,18:40,
280,KERRY EAVES,,F,18:40,
281,LISA KRUEGER-GAVIN,,F,18:41,
282,LEIGH HOUSEPIAN,,F,18:44,
283,JEREMY SCHULTZ,,M,18:46,
284,PAUL RAZGAITIS,,M,18:46,
285,SYLVIA ALEVRAS,,F,18:46,
286,AMY KENS,,F,18:48,
287,AMANCHAND THOTAKURA,,M,18:48,
288,KEEGAN BARUNE,,,18:49,
289,NICOLE AZARK,,F,18:49,
290,WILLIAM FUNDERBURK,,M,18:50,
291,PRABHAKAR VEERAVALLI,,M,18:50,
292,ERIN O'CONNOR,,F,18:51,
293,JOHN LINDBLOOM,,M,18:51,
294,DAVID MEYERS,,M,18:51,
295,DIANE FREUTEL,,F,18:52,
296,JAMES BUTLER,,M,18:53,
297,HALEY CROWE,,F,18:54,
298,MICHAEL FORSBERG,,M,18:55,
299,ANDREW SAUNDERS,,M,18:56,
300,JERRY KONCEL,,M,18:56,
301,ANN QUINN,,F,18:57,
302,CLAY BRIGGS,,M,18:59,
303,BRIAN QUINN,,M,19:00,
304,FABIOLA GOMEZ,,F,19:00,
305,JOE GARDNER,,M,19:01,
306,JASON MELBYE,,M,19:03,
307,MAIA LANE,,F,19:03,
308,ANTHONY PEREZ,,M,19:03,
309,MICHAEL OLATUNJI,,M,19:05,
310,MATTHEW MERSCH,,M,19:05,
311,MATT TOTH,,M,19:06,
312,HOMERO VILLARREAL,,M,19:06,
313,KOHL'S 138,,,19:06,
314,KYLE KERSHASKY,,M,19:08,
315,DANA WELLER,,F,19:08,
316,KEVIN QUINN,,M,19:09,
317,Athlete Unknown,,,19:09,
318,ERIC HILL,,,19:10,
319,KENT DEVINE,,M,19:10,
320,ETHAN KRAWITZ,,M,19:12,
321,ANGUS MULLENS,,M,19:12,
322,DAVID GROVE,,,19:14,
323,KATHIE STRECK,,F,19:15,
324,COLLEEN GIANNETTI,,F,19:15,
325,CHRIS STEFANES,,M,19:16,
326,JANE LANGHAM,,F,19:17,
327,JULIE CREADEN,,F,19:17,
328,KRIS FRONZAK,,F,19:17,
329,QUINN LANG,,M,19:18,
330,BENJAMIN LOWENTHAL,,M,19:20,
331,MICHAEL FRANCIS LANE,,M,19:21,
332,SARAH LENNERT,,F,19:23,
333,CHERYL ROSCHER,,F,19:23,
334,KOHL'S 36,,,19:23,
335,CHELSEA KINTZER,,F,19:23,
336,FERNANDO GUERRA,,M,19:24,
337,BRIAN MULLENS,,M,19:24,
338,KYLE PLATT,,M,19:25,
339,BONNIE WEDINGTON,,F,19:27,
340,LARRY BLUSTAIN,,M,19:27,
341,HALEY SHOURD,,F,19:28,
342,STEVEN ASCHKENASE,,M,19:28,
343,STEVEN KULL,,M,19:28,
344,JENNIFER MARQUES,,F,19:28,
345,GEORGIA SCARR,,F,19:29,
346,WILLIAM ROE,,M,19:30,
347,MITCHELL HAZAN,,M,19:30,
348,KOHL'S 12,,,19:31,
349,SEAN DELANEY,,M,19:31,
350,KENNETH SILHAVY,,M,19:32,
351,THOMAS MCNAMARA,,M,19:32,
352,KATIE BREEN,,F,19:32,
353,LISA COOPER,,F,19:35,
354,CARTER TIV,,M,19:35,
355,DANIEL PETERS,,M,19:35,
356,SAM LEITER,,M,19:35,
357,KOHL'S 97,,,19:36,
358,GRACE TURNER,,F,19:36,
359,BARRY BIKSHORN,,M,19:36,
360,TATE DAHLGREN,,M,19:36,
361,LUIS CALDERON,,M,19:37,
362,ADHITH PALLA,,M,19:37,
363,SUMMER WATTERS,,F,19:37,
364,KELLI MANSON,,F,19:40,
365,MARGARET MARRINSON,,,19:40,
366,DAAVID BUEHRING,,M,19:40,
367,BARRY MILES,,M,19:41,
368,KEVIN MATKOVIC,,M,19:41,
369,MONA FRISBIE,,F,19:42,
370,JEFFREY BURGARD,,M,19:43,
371,RON SALUSKI,,M,19:44,
372,KOHL'S 40,,,19:44,
373,JOSE GUEVARA,,M,19:45,
374,ERIN MILLER,,F,19:45,
375,JACK MITIDIERO,,,19:46,
376,JOSIE CALDERON,,F,19:46,
377,BEN PFEFFER,,M,19:47,
378,ADLER MERVEILLE,,M,19:47,
379,LAUREN FRISBIE,,F,19:47,
380,GARY GNADE,,M,19:47,
381,KATE KIHNKE,,F,19:47,
382,SHAWN MANALOTO,,M,19:47,
383,CARSON KYHL,,M,19:47,
384,AVERROES GHIAS,,M,19:48,
385,JENNIFER MORGENSTERN,,F,19:49,
386,TIMOTHY THOMA,,M,19:49,
387,MARK VITOR,,M,19:49,
388,MAX LUPO,,M,19:50,
389,PATRICK KALINA,,M,19:51,
390,MICHAEL KOCOUREK,,M,19:52,
391,BRIAN MEADE,,M,19:54,
392,DENISE SAURIOL,,F,19:54,
393,ZOE LARSEN,,F,19:54,
394,MICHAEL MURRAY,,M,19:54,
395,NATALIE REYES,,F,19:54,
396,ANNA WETHERHOLT,,F,19:55,
397,GREG BOTTJER,,M,19:56,
398,STEPHEN COYNE,,M,19:56,
399,JACOB BIKSHORN,,M,19:57,
400,KOHL'S 159,,,19:57,
401,MARGARET MERSCH,,F,19:58,
402,JENNIFER STEPHENS,,F,19:58,
403,RYAN LEHR,,M,19:59,
404,Athlete Unknown,,,19:59,
405,JAMES MCKENNA,,M,20:00,
406,MELANEY KOLODZIEJ,,F,20:01,
408,TRACY MUELLER,,F,20:02,
407,EDWARD BARRY,,M,20:02,
410,MAX MCCARTY,,M,20:02,
409,MATT STURGEON,,M,20:02,
412,KELLY ROGOWSKI,,F,20:04,
414,JESSICA STEACH,,F,20:04,
415,MICHAEL KONTALONIS,,M,20:04,
411,KATE BRYANT,,,20:04,
413,LUCA PASINATO,,M,20:04,
416,MARC TIOJANCO,,M,20:05,
417,DANIEL SLOCUM,,M,20:07,
418,MARY LOUISE DUMMER,,F,20:08,
419,ERIC SCHMID,,M,20:09,
421,JEREMY GALFIELD,,M,20:10,
420,ELIAS KONTOPOULOS,,M,20:10,
422,MICHAEL MCELWEE,,M,20:11,
423,CARLA WILLIAMSON,,F,20:11,
425,NATHANIEL KELP-LENANE,,M,20:12,
426,LEEANNE LAYDEN,,F,20:12,
424,HARRIS ROTHMAN,,M,20:12,
428,KIRK MCCULLICK,,M,20:13,
429,SAMUEL ALGAS,,M,20:13,
427,JON NASATIR,,M,20:13,
431,THOMAS HARPER,,M,20:14,
432,TOM STUROMSKI,,M,20:14,
430,SCOTT CARMIGNANI,,M,20:14,
435,NISHIL PATEL,,M,20:15,
433,ALEXANDER HOPKINS,,M,20:15,
434,TYLER BOURNE,,M,20:15,
436,MICHELLE PEREZ,,,20:16,
441,Athlete Unknown,,,20:17,
440,ZACHARY MATTHEWS,,M,20:17,
439,KATIE CALIHAN,,F,20:17,
438,DAVID KRAUS,,M,20:17,
437,NICHOLAS DUZANSKY,,M,20:17,
442,FRANCA STOHLGREN,,F,20:18,
443,KOHL'S 19,,,20:19,
445,THOMAS QUINN,,M,20:20,
444,SYDNEY HOLDER,,F,20:20,
446,RICHARD WHITLER,,M,20:21,
447,ALLISON HOPPER,,F,20:22,
448,BRIAN HILLS,,M,20:23,
449,THOMAS FINN,,M,20:24,
450,HELEN ROBINSON,,F,20:25,
452,MEGAN FULARA,,F,20:25,
453,NEETA DAGA,,F,20:25,
451,JIM DUZANSKY,,M,20:25,
454,Athlete Unknown,,,20:26,
456,NOEL DEGUZMAN,,M,20:26,
455,ZACHARY BUERGER,,M,20:26,
457,JOHN CARBERRY,,M,20:27,
458,ETHAN HIGHFILL,,M,20:27,
459,RYAN SCHEPPACH,,M,20:27,
460,MARK ORTH,,M,20:30,
461,CHRISTINE KYHL,,,20:30,
463,MADELYN MUELLER,,F,20:31,
464,JEFF FEARON,,M,20:31,
462,MAIRI CAMPBELL,,F,20:31,
466,BRENT NYE,,M,20:32,
465,THOMAS ARKINS,,M,20:32,
468,DANIEL SEREWICZ,,M,20:33,
469,JORDAN SHWIDE,,M,20:33,
467,SAMANTHA BLUMENTHAL,,F,20:33,
471,ALYSSA DANIELS,,F,20:35,
470,NEHA GUPTA,,,20:35,
472,ALEXIS STEVENSON,,,20:38,
473,BRIANA HILLS,,F,20:38,
474,ALEXANDER PINTO,,M,20:40,
475,CHAD MCCOY,,M,20:41,
476,KELSEY POPKINS,,F,20:41,
477,KATHLEEN KEANY,,,20:42,
478,MICHAEL STRIEDL,,M,20:44,
479,JORDAN OSTER,,M,20:45,
480,JAKE ZENKEWICZ,,M,20:46,
483,JOONAS BRIGGS,,M,20:47,
482,REBECCA REA,,F,20:47,
481,JAMES DEDDENS,,M,20:47,
484,CAMERON KUHAREVICZ,,M,20:48,
486,GREGORY NOWAK,,M,20:48,
485,ASHLEY BRIARS,,F,20:48,
488,KENNETH DOLIN,,M,20:49,
487,ANDREW COHEN,,M,20:49,
489,LEE ZILLIGEN,,M,20:50,
490,DON BAIOCCHI,,M,20:50,
493,BLAIR GIBSON,,M,20:51,
492,MIKE MAGUIRE,,M,20:51,
491,GLORIA GOMEZ,,F,20:51,
496,MEGAN BOURNE,,F,20:52,
494,KELLEY MOIR,,F,20:52,
495,BENICIO CHAVARRIA,,M,20:52,
497,TIMOTHY MAYERBOCK,,M,20:53,
499,LEANNE LACEWELL,,F,20:56,
498,REENA FELLNER,,F,20:56,
502,SANTOS BAHENA,,M,20:57,
501,SAMUEL MUSSER,,M,20:57,
500,COURTNEY FOSTER,,F,20:57,
503,JACKSON COMPTON,,M,20:57,
504,GINO CERRONE,,M,20:58,
505,PAUL HERAN,,M,20:58,
506,SARAH BUERGER,,F,20:58,
507,MARCO CERRONE,,M,20:59,
508,MARCY DIAMOND,,F,20:59,
509,KAREN KUNDE,,F,21:00,
510,MAURO FEBLES,,M,21:01,
511,BETH HIGGENBOTHAM,,F,21:01,
512,MEGAN HOLLAND,,F,21:02,
515,VICKI PATNER,,F,21:02,
513,KOHL'S 177,,,21:02,
514,MALCOLM BOURNE,,M,21:02,
516,KOHL'S 154,,,21:03,
517,KOHL'S 176,,,21:04,
518,AASHISH DIDWANIA,,M,21:05,
520,ROHAN SAJDEH,,M,21:06,
519,KAPIL CHAUDHARI,,M,21:06,
523,SETH PROSTIC,,M,21:08,
521,ERIN KELLEY,,F,21:08,
522,DAN RUIZ,,M,21:08,
526,LAUREN MONTGOMERY,,F,21:09,
524,CHRIS BARNES,,M,21:09,
525,ANDY TRYBULA,,M,21:09,
527,NICHOLAS PANICOLA,,M,21:12,
528,DANIEL RAMOS,,M,21:12,
530,SOPHIE RILEY,,F,21:13,
529,MARTIN STOLGREN,,M,21:13,
531,LINDSEY BRAKE,,F,21:14,
532,MICHAEL DEHEEGER,,M,21:14,
534,ARIELLE KOHN,,,21:15,
533,HILDI FORTON,,F,21:15,
536,SARAH MAGNER,,F,21:16,
535,LUKAS MIZE,,,21:16,
537,JUSTIN LANGWINSKI,,M,21:18,
538,NICOLE CLEMANS,,F,21:19,
539,TRACI BUEHRER,,F,21:19,
541,ANN TURNER,,F,21:20,
540,ZACK TOPOUZOV,,M,21:20,
542,DAVID LOWENTHAL,,M,21:20,
544,PETE BULANDR JR,,M,21:21,
543,LYDIA AUCH,,F,21:21,
545,JANE DUZANSKY,,F,21:22,
546,CLAIRE CARDEN,,F,21:23,
547,ROBERT FELDGREBER,,M,21:23,
548,RACHEL OLATUNJI,,F,21:24,
550,PJ THOMPSON,,M,21:25,
549,JOHN GRIER,,M,21:25,
553,MATT HIGHFILL,,M,21:26,
554,JANE AGLER,,,21:26,
551,BRAD CLIFTON,,M,21:26,
552,EMERSON FRITYH,,M,21:26,
555,SAUL LEVIN,,M,21:26,
558,SAM DUMMER,,M,21:27,
556,TIMOTHY WALLER,,M,21:27,
557,JEFF POZEN,,M,21:27,
562,CHASE BAHR,,,21:28,
559,LIAM SOLEYMANI,,M,21:28,
561,JOSHUA GREEN,,M,21:28,
560,MARY DMYTERKO,,F,21:28,
563,EMILY PHILLIPP,,F,21:29,
567,ANNETTE ZYCK,,F,21:29,
568,ANTHONY URONI,,M,21:29,
566,RYAN DUNHAM,,M,21:29,
564,MEAGAN KRAVAT,,F,21:29,
565,CHARLIE ANSELBACH,,M,21:29,
572,LAURA RAMSAY,,F,21:31,
569,JOSEPH DIETER,,M,21:31,
571,ADAM TERRELL,,M,21:31,
570,JAMES MALONE,,M,21:31,
573,LAURA QUINN,,F,21:32,
575,FRANCO IZAGUIRRE,,M,21:32,
574,ARYEH LOWENTHAL,,M,21:32,
576,SARAH KAFENSTOK,,F,21:33,
578,Athlete Unknown,,,21:33,
577,ISABELLA SCOLA,,F,21:33,
579,DAVID LEITER,,M,21:34,
580,JAKE MILES,,M,21:34,
581,BRUCE RATSKOFF,,M,21:35,
582,SHEA MARTIN,,F,21:35,
585,Athlete Unknown,,,21:36,
584,MIKE RODRIGUEZ,,M,21:36,
583,KENNA WALKER,,F,21:36,
586,DANNY MUELLNER,,,21:37,
587,MICHAEL MCCABE,,M,21:37,
593,BETH HEFFERNAN,,F,21:39,
592,RACHAEL CHIAO,,F,21:39,
594,GIANNA CAPRA,,F,21:39,
589,JENNIFER SPALLA,,F,21:39,
588,KOHL'S 153,,,21:39,
590,BRANDON ZIBELL,,M,21:39,
591,VAL GINNAN,,F,21:39,
595,NANNETTE RASCH,,F,21:40,
596,ALANNA CORPUZ,,F,21:41,
598,CHARLES SANDERS,,,21:42,
597,KOHL'S 174,,,21:42,
599,ANASTASIA LAGESCHULTE,,F,21:42,
601,PATRICK ZACHERL,,M,21:43,
601,PATRICK ZACHERL,,M,21:43,
602,SCOTT GREEN,,M,21:44,
603,RYAN PUDELA,,M,21:44,
604,LAURA FRANCISZKIEWICZ,,F,21:44,
605,DOM JUOZITIS,,M,21:45,
606,KAUSHIK PATEL,,M,21:45,
607,ANDRIA BARRY,,F,21:45,
608,BORIS VEKSLER,,M,21:45,
609,JENNIFER IDA,,F,21:46,
610,LYNETTE DUMMER,,F,21:46,
611,DAN BERNARD,,M,21:47,
612,DEBRA CRONIN,,F,21:48,
613,MICHAEL FINN,,M,21:49,
614,KAILEY MOHLER,,F,21:50,
615,KARA KNUTSON,,F,21:53,
616,KOHL'S 152,,,21:54,
617,CATHERINE BERTA,,F,21:56,
618,TIMOTHY GRUZWALSKI,,M,21:56,
619,JOHN MCDONAGH,,,21:56,
620,KOHL'S 197,,,21:56,
621,MELANIE BARNES,,F,21:57,
622,JILL DWYER,,F,21:57,
623,JONATHAN WILL,,M,21:57,
624,KIM TRIPPI,,F,21:57,
625,MAX NEISTEIN,,M,21:57,
626,KRISTIN HAASE,,F,21:58,
627,MICHAEL KING,,M,21:59,
628,KATHLEEN GNADE,,F,21:59,
629,KOHL'S 107,,,21:59,
630,NICHOLAS RODRIGUEZ,,M,22:01,
631,GERARD GNADE,,M,22:01,
632,MAGGIE KOLLKER,,F,22:01,
633,OLIVIA LAGESCHULTE,,F,22:01,
634,MICHAEL HOGAN,,M,22:03,
635,IWONA LASAK,,F,22:04,
636,UZAIR YASEEN,,M,22:04,
637,KAREN DEJONG,,F,22:04,
638,CARLIN TWEDT,,M,22:04,
639,TRISTAN BROWN,,M,22:05,
640,OWEN COXE,,M,22:05,
641,ALI FISCHER,,F,22:06,
642,WENDY MAMPRISIO,,F,22:06,
643,ALLI BLOOM,,F,22:07,
644,JENNY CORPUZ,,F,22:07,
645,TONY OSTROWSKI,,M,22:07,
646,MISSY KUHN,,F,22:07,
647,BSC BULLDOG SMITH,,M,22:08,
648,TIM MCNAMARA,,M,22:10,
649,HENRY HORAK,,M,22:10,
650,SUMAIR YASEEN,,M,22:10,
651,CRISTINA CHINOY,,F,22:11,
652,JUAN VAZQUEZ,,M,22:11,
653,ELEANOR PONTIKES,,,22:11,
654,OLGA KACERGIS,,F,22:12,
655,ANNA ALBI,,F,22:12,
656,ROBERT KRAUSE,,M,22:12,
657,MATTHEW VANDERKAMP,,M,22:13,
658,ETHAN MEYERS,,M,22:13,
659,LINA DEY,,F,22:13,
660,MIKE CAHILL,,M,22:14,
661,EMILYN GARCIA,,F,22:14,
662,Athlete Unknown,,,22:14,
663,MARGARET NG,,F,22:14,
664,VIRXHINI GJONZENELI,,F,22:15,
665,MARK TORPHY,,M,22:15,
666,KELLY THOMAS,,F,22:15,
667,GABRIEL NECHIFOR,,M,22:16,
668,JENNIFER PETRITZ,,F,22:17,
669,KIRAN MOORE,,M,22:17,
670,CHRISTINE OLATUNJI,,F,22:17,
671,MITCH MANASSA,,M,22:17,
672,Athlete Unknown,,,22:18,
673,KRISTEN SAVAGE-STRINGER,,F,22:18,
674,DOUG CARNAHAN,,M,22:19,
675,BRIAN AMSLER,,M,22:19,
676,KENNETH HSU,,M,22:19,
677,CASEY MACANDER,,,22:19,
678,KAREN GIBBONS,,F,22:20,
679,MIA WICHMAN,,F,22:20,
680,RICK COY,,M,22:20,
681,NOAH MARINEAU,,M,22:20,
682,KOHL'S 29,,,22:22,
683,DANIEL GUMBINER,,M,22:23,
684,PATRICK MCKINSTRY,,M,22:23,
685,GRAYSON ANDERSON,,M,22:24,
686,ALEX WILKINS,,M,22:25,
687,EDEN GHIAS,,F,22:25,
688,ADAM BERNTHAL,,M,22:25,
689,ABBY HARRIS,,F,22:26,
690,MARGUERITE FINN,,F,22:27,
691,FRANCESCO RICCHIO,,M,22:27,
692,DARIJA SILIUNAS,,F,22:27,
693,MARC DEHEEGER,,M,22:28,
694,MARIA CAROLLO,,F,22:28,
695,JULIA KINDER,,F,22:28,
696,FRANK CONNOLLY,,M,22:29,
697,CLAIRE HARRIS,,F,22:30,
698,NATHANIEL JONES,,M,22:30,
699,MEGAN JONES,,F,22:31,
700,DARLENE BIKSHORN,,F,22:31,
701,BEVERLY WEABLE,,F,22:31,
702,RIYA ABRAHAM,,F,22:32,
703,ZERUCK KHAN,,M,22:32,
704,CHRIS MANCERA,,M,22:34,
705,JULIE PASINATO,,F,22:34,
706,ANDREW FISZER,,M,22:34,
707,CRAWFORD BOLTON,,M,22:36,
708,KIMBERLY PATCHAK,,F,22:36,
709,MICHELLE PAULSEN,,F,22:37,
710,LAKEN SCHIEFELBEIN,,F,22:37,
711,ANDREW GILHOOLY,,M,22:37,
712,ERIN POLEN,,F,22:38,
713,JONATHAN MOONEY,,M,22:38,
714,LISA LANE,,F,22:39,
715,COLLEEN COXE,,F,22:39,
716,ADDIE BRAUN,,F,22:39,
717,SARAH MADDUX,,F,22:40,
718,MOLLY MANN,,F,22:40,
719,SUE SCHULTHESZ,,F,22:40,
720,LORI RINELLA,,F,22:41,
721,Athlete Unknown,,,22:41,
722,MICHAEL PIPPENGER,,M,22:41,
723,DREW KOERNER,,M,22:41,
724,STEVE GREENBERG,,M,22:42,
725,GUINESS MELONE,,F,22:42,
726,DANNY DAOUD,,M,22:43,
727,LAURA HARTMAN,,F,22:44,
728,KENNETH ROSCHER,,M,22:44,
729,DAVID WOODHOUSE,,M,22:45,
730,AVA PALMA,,F,22:46,
731,VIDA PALMA,,F,22:47,
732,JAMIE KLEIN,,F,22:47,
733,HEATHER WIERZBINSKI,,F,22:47,
734,LUCAS SCHURTER,,M,22:48,
735,KIRSTY PERCIVAL,,F,22:48,
736,CARTER BEHRNS,,M,22:48,
737,JULIE KEEFE,,M,22:49,
738,JOY MCGREEVY,,F,22:49,
739,ALLYSON TURNER,,F,22:49,
740,SETH WALD,,M,22:52,
741,BRUCE HOPKINS,,M,22:52,
742,RYAN BOTTJER,,F,22:52,
743,JACK DUNHAM,,M,22:52,
744,HANNA BILGIN,,F,22:52,
745,SELIN ADIGOZEL,,F,22:53,
746,BRITTNEY KIERES,,F,22:55,
747,AUSTIN MEAD,,M,22:56,
748,KENT VERHAGE,,M,22:56,
749,KOHL'S 194,,,22:57,
750,SHARON HEYNEZ,,F,22:57,
751,ROSHAN STOUWIE,,F,22:57,
752,KAILONI CHRISTIAN,,F,22:57,
753,TONANTZIN CARMONA,,F,22:58,
754,ELLA LANE,,F,22:58,
755,GAVIN CREADEN,,M,22:59,
756,LISA CONNOLLY,,F,23:00,
757,STEPHANIE WILSON,,F,23:00,
758,ISAAC MEADOW,,M,23:01,
759,REBECCA MURRAY,,F,23:01,
760,ANTOINETTE MISSBACH,,F,23:01,
761,ASHLEY FARNAN,,F,23:03,
762,MICHAEL CRONIN,,M,23:03,
763,RICARDO HERNANDEZ,,M,23:03,
764,SEAN REGAN,,M,23:04,
765,SOPHIE NORRIS,,,23:06,
766,ABBY BRESLER,,,23:06,
767,LOUKIA VERHAGE,,F,23:07,
768,SCOT NEUKIRCH,,M,23:07,
769,EMILY LEWIS,,F,23:08,
770,LYNN MIERKIEWICZ,,F,23:09,
771,NICOLE WOJTYSIAK,,F,23:09,
772,JOHN DIETER,,M,23:10,
773,DEANNA CHANG,,F,23:11,
774,CHRISTOPHER KONTALONIS,,M,23:11,
775,MICHAEL MACANDER,,M,23:11,
776,SHANNON WILCOX,,F,23:12,
777,CHRISTOPHER FERACOTA,,M,23:12,
778,AIDAN MAGUIRE,,M,23:12,
779,SARA KONTALONIS,,F,23:13,
780,KATYA VELANDO,,F,23:14,
781,JENNIFER RIVERA,,F,23:14,
782,LAUREN SALZMAN,,,23:14,
783,ERGASH KARSHIEV,,M,23:14,
784,LORRAINE ADNEY,,F,23:14,
785,DIANE NISSEN,,F,23:15,
786,MARIELLEN CHRISTIAN,,F,23:15,
787,KATIE ROSCHER,,F,23:15,
788,LAUREN GULA,,F,23:16,
789,KENNY OLATUNJI,,M,23:16,
790,COURTNEY OLSON,,F,23:17,
791,AUDREYANNE SNOW,,F,23:17,
792,SARA KOZLOWSKI,,F,23:18,
793,JULIE MARTIN,,F,23:18,
794,JANINE SMUDA,,F,23:19,
795,STEPHANIE SOLEYMANI,,F,23:19,
796,RAGHAV MANSHARAMANI,,M,23:20,
797,DENISE PERDZIAK,,F,23:20,
798,RACHEL WEISSMAN,,F,23:21,
799,THOMAS HUNT,,M,23:21,
800,EMILY SUCHECKI,,F,23:21,
801,LESLIE MCKINSTRY,,F,23:22,
802,KIESHA MULL,,F,23:22,
803,JENNIFER LANG,,F,23:22,
804,GREGORY FEINGOLD,,M,23:23,
805,STEVE WETZEL,,M,23:24,
806,JASON SCHNERF,,M,23:24,
807,RAYMOND NEWLAND,,M,23:24,
808,KATE MARTIN,,F,23:25,
809,WINONA KOLDYKE,,,23:25,
810,JACOB KLEINICK,,M,23:26,
811,STEVEN JONES,,M,23:27,
812,STEPHANIE ITKONEN,,F,23:27,
813,JEAN-PIERRE DEHEEGER,,M,23:28,
814,KRISTEN DALY,,,23:28,
815,KEITH YOUNG,,M,23:28,
816,GRACE MARINEAU,,F,23:29,
817,NICK KONTALONIS,,M,23:29,
818,RON MORITZ,,M,23:29,
819,AMY NEWMAN,,F,23:30,
820,MEGHAN SMITH,,F,23:30,
821,JAMIE LAWLER,,M,23:32,
822,RAYMOND SCHEPPACH,,M,23:32,
823,ABBY NEWMAN,,F,23:33,
824,MICHAEL MACKEY,,M,23:34,
825,VISHWAM CHAND,,M,23:34,
826,NANCY WOOD,,F,23:35,
827,EDYTA KUBIK,,F,23:35,
828,LUKE SELLERS,,M,23:35,
829,PAUL COLLIN,,M,23:36,
830,ALEXANDER HAMILTON SCARR,,M,23:36,
831,JEFFREY MENGEL,,M,23:37,
832,NICOLE LOUGHRAN,,F,23:37,
833,JOE SKALA,,M,23:38,
834,SUDEEPTI TUMULURU,,F,23:38,
835,DARREN NASATIR,,M,23:38,
836,GIUSEPPE TOIA,,M,23:39,
837,KELLI KAELIN,,F,23:40,
838,JAYA PARULEKAR,,F,23:41,
839,JOHANNA GOTTLIEB,,F,23:41,
840,JOSEPHINE SCALETTA,,F,23:41,
841,JENNIFER SELLERS,,F,23:42,
842,SETH KNOCKE,,M,23:45,
843,REBECCA DEHEER,,F,23:46,
844,GRACE HAASE,,F,23:47,
845,SANDEEP GUPTA,,,23:47,
846,DEVON TOIA,,F,23:48,
847,BRIAN ZHOU,,M,23:48,
848,JOHN KLINGE,,M,23:49,
849,JOHN KLINGE,,M,23:50,
850,LAUREN GUMBINER,,F,23:50,
851,BRIANNA BRINCKMAN,,F,23:51,
852,ARTURO RODRIGUEZ,,M,23:51,
853,JAMES KARNICK,,M,23:51,
854,SARAH WUNDER,,F,23:52,
855,KOHL'S 155,,,23:53,
856,WENDY STELLPFLUG,,F,23:53,
857,GHIDA NEUKIRCH,,F,23:53,
858,CARLOS CARDENAS,,M,23:54,
859,ANDREW MELONE,,M,23:54,
860,HEATHER STERNBERG,,F,23:54,
861,PETER GERBASI,,M,23:55,
862,AUDREY YOUNG,,F,23:55,
863,JAMES RAFF,,M,23:55,
864,JOE PANNARALE,,M,23:56,
865,FORD MELONE,,M,23:57,
866,LAUREN BLUMENTHAL,,F,23:57,
867,TYLER DEUTSCH,,M,23:57,
868,MATTHEW YATES,,M,23:58,
869,Athlete Unknown,,,23:58,
870,KOHL'S 156,,,24:01,
871,KAI RAFF,,M,24:01,
872,AMAR PANDYA,,M,24:02,
873,KIMBERLY BRENNAN,,F,24:02,
874,C.J. NOWAK,,M,24:02,
875,SARAH STANG,,F,24:03,
876,SAMANTHA MEYERS,,F,24:03,
877,WILLIAM DUMPMAN,,M,24:04,
878,ANTHONY PISANO,,M,24:04,
879,TOM STERNBERG,,M,24:05,
880,ROBERT JACKSON,,M,24:05,
881,JENNIFER SMITH,,F,24:06,
882,TERESA BACKES,,F,24:07,
883,NAISH SHAH,,M,24:07,
884,Athlete Unknown,,,24:08,
885,TARO OKAMURA,,M,24:09,
886,LUKE FOSTER,,M,24:09,
887,BEN EARLE,,,24:11,
888,SUSAN WOOTEN,,,24:11,
889,LAUREN MAHER,,F,24:12,
890,CHRISTOPHER SCHURTER,,M,24:13,
891,KOHL'S 171,,,24:13,
892,ERIK FOSTER,,M,24:13,
893,TERESA FAGAN,,F,24:13,
894,DANIEL BALDINO,,,24:14,
895,FRANCIS SVEC,,M,24:14,
896,MIKE BREEN,,M,24:15,
897,ERNESTO VALENCIA,,M,24:15,
898,MICHELLE STOEHRMANN,,F,24:15,
899,JENNIFER KMETZ,,F,24:16,
900,ERIC JAMES,,M,24:17,
1,KOHL'S 84,,,24:17,
902,OGHENEKEVWE ORERE,,F,24:17,
903,ELLA MAHER,,F,24:18,
904,CAROLYNN ZONIA,,F,24:18,
905,SAMANTHA CROUSE,,F,24:18,
906,NANCY VALENTA,,F,24:20,
907,PETER SANTORE,,M,24:21,
908,SHAUN HAYDEN,,M,24:21,
909,ANTHONY MCMEEL,,M,24:21,
910,Athlete Unknown,,,24:22,
911,JIM HARRIS,,M,24:22,
912,YAN DENG,,F,24:22,
913,EMMA LIN,,F,24:23,
914,WILMER SANCHEZ,,M,24:25,
915,MIKE WIERZBINSKI,,M,24:25,
916,COLLEEN LUPO,,F,24:25,
917,SAIRA COOPER,,F,24:26,
918,MOLLY KNOBLETT,,F,24:26,
919,Athlete Unknown,,,24:28,
920,STEPHEN TUSKEN,,M,24:28,
921,ANGELA ADNEY,,F,24:30,
922,STEPHANIE BULANDR,,F,24:30,
923,REBEKAH HARRIS,,F,24:30,
924,MICHELLE OLSON,,F,24:31,
925,HANNAH LITTMAN,,F,24:33,
926,Athlete Unknown,,,24:34,
927,HANNAH WHITAKER,,F,24:34,
928,MATTHEW LOPEZ,,M,24:34,
929,SARA RANDALL,,F,24:36,
930,JOHN GARCIA,,,24:36,
931,VANESSA DUNCAN,,F,24:37,
932,DAVID SINCOX,,M,24:37,
933,LORNA GARCIA,,F,24:38,
934,LAWRENCE KUHAREVICZ,,M,24:38,
935,JOSE LUIS GUEVARA,,M,24:39,
936,ROMEN COOPER,,M,24:39,
937,JILL BECHAZ,,F,24:39,
938,ZOE KONTALONIS,,F,24:39,
939,BRIDGET MCGREEVY,,F,24:40,
940,JAMES CONNOLLY,,M,24:41,
941,CHRIS LEVY,,M,24:41,
942,KATHLEEN BAFFA,,F,24:41,
943,KENNETH GAGE,,M,24:41,
944,SAUL ARNOW,,M,24:42,
945,LEAH RILEY,,F,24:42,
946,KOHL'S 25,,,24:43,
947,JENNIFER HATTON,,F,24:45,
948,ANADIL JOHNSON,,,24:46,
949,JIM LEITZEL,,M,24:52,
950,TONY MARINEAU,,M,24:54,
951,DAVID RETTIG,,M,24:54,
952,MONICA CRINION,,F,24:54,
953,RICHARD PAGANO,,M,24:55,
954,MARIA THANUGUNDLA,,F,24:56,
955,JUAN VALENZUELA,,M,24:56,
956,Athlete Unknown,,,24:57,
957,LUIS GUTIERREZ,,M,24:57,
958,JOSE NEVAREZ,,M,24:59,
959,ANDREW MALLEY,,M,24:59,
960,EMMA SCHICK,,F,24:59,
961,KARLA GOLDMAN,,F,25:01,
962,LUCIE RICHARD,,F,25:02,
963,STEPHANY SCHRADER,,F,25:02,
964,TAARA SAJDEH,,F,25:02,
965,JAMES LIN,,M,25:03,
966,KOHL'S 166,,,25:04,
967,LAURA MILLER,,F,25:04,
968,STEPHANIE CONKLIN,,F,25:06,
969,ERICA RICHARD,,F,25:07,
970,KOHL'S 125,,,25:07,
971,MELISSA DUFFY,,F,25:08,
972,KEVIN KANSLER,,M,25:08,
973,MANUEL SERRATO,,,25:08,
974,LAUREN MITIDIERO,,,25:09,
975,LISETTE REYES,,F,25:10,
976,ARIEL TZOUMAS,,F,25:10,
977,MELLA MAGNIFICENT,,F,25:11,
978,AGNIESZKA UJDA,,F,25:12,
979,ALBERTO ALVAREZ RODRIGUEZ,,M,25:13,
980,MOSHE WEINBERGER,,,25:13,
981,SHELLEY SARSON,,F,25:13,
982,ANITA TALIYA,,F,25:13,
983,DAN O'NEILL,,,25:15,
984,JACOB ROMANCZUK,,M,25:16,
985,MARIA MORALES,,F,25:16,
986,TASIA DRAPER,,,25:17,
987,LAUREN MCKIDDY,,F,25:18,
988,ANNA VILA-NARDI,,F,25:19,
989,ROGER STOLBER,,,25:20,
990,COLLEEN CAMPBELL,,F,25:20,
991,CORY SPINALE,,M,25:20,
992,ZACHARY BROGADIR,,M,25:20,
993,HOWARD PATNER,,M,25:20,
994,ISABELLA DRAPER,,,25:20,
995,ERIN CANAVAN,,F,25:21,
996,NICHOLAS UJDA,,M,25:21,
997,LISA GOLDMAN,,F,25:21,
998,SUZANNE VOLPE,,F,25:22,
999,KATELYN SULANDER,,F,25:22,
1000,KOHL'S 196,,,25:23,
1001,JAMES NASBY,,M,25:24,
1002,DAN HANIGAN,,M,25:24,
1003,WENDY ELMLUND,,F,25:24,
1004,DYLAN MAKI,,M,25:25,
1005,EZRA FEIGELSON,,M,25:26,
1006,REILLY CREADEN,,F,25:26,
1007,MICHAEL HUZINEC,,M,25:28,
1008,KOHL'S 114,,,25:28,
1009,RYAN ERIKSON,,M,25:28,
1010,ANIKA MANSHARAMANI,,F,25:30,
1011,KOHL'S 162,,,25:30,
1012,ANNEMARIE PUMA,,,25:31,
1013,VINCE MONTALBANO,,,25:31,
1014,DAVID SNOWER,,M,25:32,
1015,CHRISTOPHER MONTAGUE,,M,25:32,
1016,DANIELLA TOIA,,F,25:33,
1017,CAMERON HUZINEC,,M,25:33,
1018,MIKE HENRY,,M,25:35,
1019,HEIDI MITIDIERO,,,25:35,
1020,KOHL'S 98,,,25:35,
1021,SCARLETT JACKSON,,F,25:36,
1022,JAMES DICKSON,,M,25:36,
1023,KOHL'S 35,,,25:36,
1024,DAN HAASE,,M,25:37,
1025,BRITTANY DICKINSON,,F,25:37,
1026,JOHN MAKI,,M,25:39,
1027,JASON TOMMER,,M,25:40,
1028,ERIC JACOBSON,,M,25:41,
1029,RONAN CONNOLLY,,M,25:41,
1030,KAREN SMITH,,F,25:42,
1031,CHLOE JACKSON,,F,25:43,
1032,KARLEN MONTOYA,,F,25:43,
1033,BEN ROSE,,M,25:43,
1034,ALYSHA BIEHL,,F,25:43,
1035,DANIEL GARIN,,M,25:43,
1036,TALLY MELONE,,F,25:44,
1037,JOYCE QUINN,,F,25:45,
1038,MICHAEL MCKNIGHT,,M,25:45,
1039,NORA HANDLER,,F,25:46,
1040,EILEEN BURKE,,F,25:47,
1041,CARSON HOLLOWELL,,,25:47,
1042,LINDA WALSH,,F,25:47,
1043,LISA RODRIGUEZ,,F,25:47,
1044,ED RUMLER,,M,25:49,
1045,SARA CASH,,F,25:49,
1046,ERIN ELLISON,,F,25:49,
1047,KARTIK AHUJA,,M,25:49,
1048,ALEXIS D'ASCENZO,,F,25:49,
1049,JANEEN MAYS,,F,25:50,
1050,KOHL'S 86,,,25:51,
1051,CAITLIN SCHAEFER,,F,25:52,
1052,MARK KAUFMANN,,M,25:53,
1053,ALEX MERKEL,,M,25:53,
1054,KOHL'S 27,,,25:54,
1055,LESLIE GLAZER,,F,25:55,
1056,TANVI KHANNA,,F,25:55,
1057,KOHL'S 47,,,25:56,
1058,CARYNN RANDOLPH,,F,25:56,
1059,DANIEL MAGNER,,M,25:58,
1060,GREGORY WAGNER,,M,25:58,
1061,KATHRYN KISEVICIUS,,F,26:02,
1062,JEFFERY GOLDRICH,,M,26:03,
1063,YAEL DERMAN,,F,26:03,
1064,SARAH SERRATO,,,26:03,
1065,KOHL'S 136,,,26:04,
1066,MICHELLE MICELLI,,F,26:04,
1067,GREGG ADAMS,,M,26:04,
1068,LAUREN SLATTERY,,F,26:05,
1069,Athlete Unknown,,,26:07,
1070,JANELLE WATANABE,,F,26:07,
1071,RIA PAREKH,,F,26:08,
1072,DENISE SCARPELLI,,F,26:08,
1073,CHAS HAMILL,,M,26:08,
1074,CASSIE CAPPETTO,,F,26:08,
1075,CARLOTA LAGARRIGUE-ESPINOSA,,F,26:09,
1076,MARIANA ZORETIC,,F,26:10,
1077,Athlete Unknown,,,26:11,
1078,PATRICK FORSBERG,,M,26:11,
1079,CRYSTAL AGUILAR,,F,26:13,
1080,ADDISON WATANABE,,F,26:14,
1081,MIKE BREMS,,M,26:15,
1082,JESSA SNOWER,,F,26:15,
1083,KATHLEEN READY,,F,26:16,
1084,JOHN MERCADO,,,26:16,
1085,CARLY WETZEL,,F,26:17,
1086,CINDY LEE,,F,26:17,
1087,NICOLAS CHAVARRIA,,M,26:17,
1088,SEBASTIAN PERLMAN,,M,26:19,
1089,GRETCHEN FRANK,,F,26:20,
1090,KOHL'S 130,,,26:20,
1091,JACK LEONARD,,M,26:20,
1092,CHRISTINA WOLOSHYN,,F,26:20,
1093,BRIAN O'NEIL,,M,26:20,
1094,KATHRYN BULANDR,,F,26:20,
1095,KOHL'S 142,,,26:23,
1096,FRANCISCO CASTRO,,M,26:24,
1097,SUE MATKOVIC,,F,26:24,
1098,CHRISTOPHER MARTIN,,M,26:25,
1099,MAKAYLA ZAPATA,,F,26:25,
1100,TRACI CARMIGNANI,,F,26:25,
1101,NELSON GUY,,M,26:26,
1102,Athlete Unknown,,,26:27,
1103,SHAUN FREENY,,M,26:29,
1104,LUKE BRADY,,M,26:29,
1105,MICHELLE LEITER,,F,26:29,
1108,ERWIN SIEDERS,,M,26:31,
1106,SARA RAUCCI,,F,26:31,
1107,AVERY WATANABE,,F,26:31,
1109,BREANNE STROMBERG,,F,26:32,
1111,SARA CHAVARRIA,,F,26:33,
1110,CAMILLE STOHLGREN,,F,26:33,
1112,TINA PAFFUNMI,,F,26:34,
1113,OLA KUBIK,,F,26:35,
1114,SHIRA KOHN,,,26:35,
1115,MICHAEL TORREY,,M,26:38,
1116,TJEERD SIEDERS,,M,26:39,
1117,KOHL'S 184,,,26:39,
1118,KOHL'S 11,,,26:40,
1119,LUIS CARRASCO,,M,26:41,
1120,KOHL'S 168,,,26:42,
1122,MEGAN PUDELA,,F,26:44,
1121,EARL HOPPER,,M,26:44,
1124,DANIELLE WHITLER,,F,26:45,
1125,JOCELYN SNOWER,,F,26:45,
1123,CATERINA BIRD,,F,26:45,
1126,WILLIAM KOHN,,M,26:46,
1127,WYATT HOLDER,,M,26:47,
1129,CARMEN HOLLOWELL,,,26:48,
1130,JASON COSTANTINO,,M,26:48,
1128,DOUG WATANABE,,M,26:48,
1131,KARIM KHOWAJA,,M,26:49,
1134,MICHAEL QUIRK,,M,26:50,
1133,JANE MCPHERON,,F,26:50,
1132,SUSAN ROUHONEN,,F,26:50,
1138,DARREN PERKINS,,M,26:53,
1137,ALEXANDER TURENITSA,,M,26:53,
1135,CYNTHIA RANJIT,,F,26:53,
1136,LOLA WATANABE,,F,26:53,
1140,Athlete Unknown,,,26:54,
1139,STEVE EASTWOOD,,M,26:54,
1141,PAIGE FRIEDLUND,,F,26:55,
1142,THOMAS NISSEN,,M,26:56,
1144,KERRY GARCIA,,F,26:57,
1143,DOMINIC PALUMBO,,M,26:57,
1145,RICHARD BENJAMIN,,M,26:58,
1146,SUBBA NAGUBADI,,M,26:58,
1147,RACHEL SCHAFER,,F,26:58,
1149,SUZANNE LARIMER,,F,26:59,
1148,LAUREN MAY,,F,26:59,
1150,EMILY GOLDMAN,,F,27:01,
1151,DIANA PRESHAD,,F,27:01,
1152,WILLIAM GAGE,,M,27:02,
1153,CLIFFORD DUGGAN,,F,27:03,
1154,MADELINE QUIRK,,F,27:04,
1157,AMBER QUIRK,,F,27:06,
1156,KOHL'S 149,,,27:06,
1155,MARGARET MARION,,F,27:06,
1158,COURTNEY HOLLOWELL,,,27:07,
1159,JEREMY GLENN,,M,27:07,
1160,ANNABELLE GLENN,,F,27:08,
1162,JENNY SAMPRAS,,F,27:09,
1161,SIDHARTH SHUKLA,,M,27:09,
1165,KRISTEN BERRY,,F,27:10,
1163,JAMES BERRY,,M,27:10,
1164,JOSH GOLDMAN,,M,27:10,
1166,EVAN LIN,,M,27:10,
1167,PATRICIA GOMES,,,27:11,
1168,JANET JULIEN,,F,27:13,
1169,SIENNA OPPENHEIMER,,F,27:14,
1170,FAMKE SIEDERS,,,27:15,
1172,MARY PHILLIPP,,F,27:17,
1171,SAMRAWIT ASMAMAW,,M,27:17,
1173,DONALD MARKEL,,M,27:18,
1174,NANCY MARTIN,,F,27:18,
1175,HEIDI KILIAN,,F,27:19,
1176,KEVIN GREEN,,M,27:20,
1178,TERESA MARTINEZ,,F,27:21,
1177,EDWIN BARAS,,M,27:21,
1179,SUZANNE LOOSE,,F,27:22,
1182,ZUBAIR GHIAS,,M,27:24,
1183,KOHL'S 22,,,27:24,
1181,MICHAEL ROLLHAUS,,M,27:24,
1180,ALLEN KLEIN,,M,27:24,
1184,JOANNA SZURA,,F,27:25,
1187,KOHL'S 24,,,27:27,
1186,MALIKA AMEEN,,F,27:27,
1185,Athlete Unknown,,,27:27,
1188,DANIEL MACHUCA,,M,27:28,
1189,REBECCA ACKERMAN,,F,27:28,
1191,MARIANNE WINDHOLTZ SHAHID,,F,27:30,
1190,LINDSAY CARLIN,,F,27:30,
1194,DIANE MOSEMAN,,F,27:32,
1193,KIRAN PALLA,,M,27:32,
1192,SLOANE ZENKEWICZ,,F,27:32,
1195,MICHELE ACKERMAN,,F,27:33,
1196,AVANI KALRA,,F,27:34,
1198,DENNIS VERDICO,,M,27:35,
1197,JULIE SLOCUM,,F,27:35,
1199,TOM HARPER,,M,27:36,
1200,PADME STECH,,F,27:36,
1201,TEJAL PATEL,,F,27:37,
1202,ERIK MORIMOTO,,M,27:37,
1203,MAUREEN BAILEY,,F,27:37,
1204,ROSS KOZLOWSKI,,M,27:38,
1205,NICHOLAS STECH,,M,27:38,
1206,ALEX BARRY,,M,27:38,
1207,WENDY KACER,,F,27:39,
1208,JENNY ANSELMO,,F,27:39,
1209,MICHELLE MIZE,,,27:40,
1211,KOHL'S 143,,,27:42,
1210,LYNDA HERAN,,F,27:42,
1212,KRISTIN BULTHUIS,,F,27:43,
1213,BETH KING,,F,27:46,
1214,CASEY CARNOW,,F,27:48,
1215,MARNI ZENKEWICZ,,F,27:49,
1217,TIMOTHY CRANDALL,,M,27:52,
1216,MARIA DEL MAR ESPINOSA,,F,27:52,
1218,BECKY GOTH,,F,27:53,
1220,JIM OKAMURA,,M,27:53,
1219,RICHARD REICH,,M,27:53,
1222,AMELIA LIN,,F,27:54,
1221,TIMOTHY HALL,,M,27:54,
1223,GORDON GRANAT,,M,27:55,
1224,ULISES ZERMENO,,M,27:55,
1225,HANNAH MEADOW,,F,27:55,
1227,CECILIA JACOBSON,,F,27:56,
1226,MICHELLE JACOBSON,,F,27:56,
1228,LUCAS WALD,,M,27:56,
1229,EMILIA KUBIK,,F,27:57,
1230,KARRIN ALGAS,,F,27:57,
1232,JAMES KOHBERGER,,M,27:58,
1233,MOIRA SCHICK,,F,27:58,
1231,KOHL'S 101,,,27:58,
1234,MIKE REYNOLDS,,M,27:58,
1235,KOHL'S 144,,,28:00,
1236,Athlete Unknown,,,28:01,
1237,DONNA CIANCIO,,F,28:02,
1238,RICHARD HUNT,,M,28:04,
1239,JENIFER CARNOW,,F,28:04,
1241,MARTA GRANAT,,F,28:05,
1240,GAIL COOPER,,F,28:05,
1243,KOHL'S 46,,,28:06,
1242,KRYSTAL MCDOOM,,F,28:06,
1244,SUSANA MATIAS,,F,28:07,
1245,JAMES MICHELLI,,M,28:08,
1246,AMELIA HUNT,,F,28:10,
1247,LAUREN SCHNOTALA,,F,28:13,
1248,KOHL'S 180,,,28:14,
1249,GABRIELLE LERNER,,F,28:16,
1251,TYLER HEMPHILL,,M,28:17,
1250,JULIANNE FABBRI,,F,28:17,
1254,LILY WATTERS,,F,28:19,
1253,KRISTIE RAMOS,,F,28:19,
1252,STEVEN BAILEY,,M,28:19,
1257,AKEEM ABIOLA,,M,28:20,
1255,BECKY UGOLINI,,F,28:20,
1258,KOHL'S 109,,,28:20,
1256,RUBEENA DILMAMODE,,F,28:20,
1259,JESSICA CATLIN,,F,28:21,
1262,KOHL'S 2,,,28:22,
1260,DANIEL KIERES,,M,28:22,
1263,KOHL'S 141,,,28:22,
1261,JORDAN FELD,,F,28:22,
1264,CARMEN SCHNEIDER,,F,28:23,
1265,KYLE HEMPHILL,,M,28:24,
1266,RYAN HEMPHILL,,M,28:25,
1268,KATIE PALUCH,,F,28:25,
1267,KEN SITAR,,M,28:25,
1269,PAUL CISZEWSKI,,M,28:26,
1271,MARINA RODRIGUEZ,,F,28:27,
1270,KOHL'S 75,,,28:27,
1272,PATTI MAHER,,F,28:28,
1275,JOHN OCONNOR,,M,28:29,
1276,EILEEN JOHNSON,,F,28:29,
1273,MICHAEL MURRAY,,M,28:29,
1274,LUCI PALUMBO,,F,28:29,
1277,DONNY COSTANTINO,,M,28:30,
1278,ANNA ROSE KACERGIS,,F,28:32,
1280,DAOPHET CHANTHAVONG,,M,28:33,
1279,WILLIAM WABEL,,,28:33,
1281,KOHL'S 161,,,28:34,
1283,MATT MIZE,,M,28:36,
1282,EMMA GROVE,,,28:36,
1285,JACK DUMMER,,M,28:37,
1284,ANDREW MITZENMACHER,,M,28:37,
1286,KOHL'S 120,,,28:38,
1287,KOHL'S 148,,,28:38,
1288,LAUREN PINKSTON,,F,28:40,
1289,JEANNE CHANTHAVONG,,F,28:40,
1290,LOUIE TIGERA,,M,28:40,
1291,NATALIE ISHO,,F,28:41,
1292,ELI MITZENMACHER,,M,28:41,
1293,KEITH REED,,M,28:42,
1294,GIANA PALUMBO,,F,28:42,
1299,MERCEDES SILVA,,F,28:43,
1295,MASHA SAJDEH,,F,28:43,
1298,MICHAEL DEANY,,M,28:43,
1296,MARILYN QUAS,,F,28:43,
1297,KOHL'S 186,,,28:43,
1300,GREG DUMMER,,M,28:44,
1301,MEDHA PARULEKAR,,F,28:45,
1302,MEGHAN MOORE,,F,28:46,
1305,DONOVAN DEANY,,M,28:49,
1304,VASILI APOSTOLOPOULOS,,M,28:49,
1303,THOMAS KINDER,,M,28:49,
1306,BENJAMIN MITZENMACHER,,M,28:50,
1307,UMA FODAR,,F,28:50,
1308,JOSEPH BOWMAN,,M,28:51,
1309,KOHL'S 192,,,28:52,
1310,ARABELLA BRADLEY,,F,28:52,
1311,STEVE PERLMAN,,M,28:53,
1312,NIKI MARTINEZ,,F,28:53,
1314,CONNOR LANG,,M,28:55,
1313,OLIVIA BAKUNAS,,F,28:55,
1315,DEBORAH BOTTJER,,F,28:56,
1316,VASILI MEMMOS,,M,28:57,
1317,NICHOLAS MARTINEZ,,M,29:00,
1318,JOSH MARINEAU,,M,29:05,
1319,LAWRENCE WONG K,,M,29:06,
1320,BRIANNA LESCHER,,F,29:06,
1321,Athlete Unknown,,,29:07,
1322,BENJAMIN PROSTIC,,M,29:08,
1323,DOMINIC COSTANTINO,,M,29:09,
1324,MIKKI NASATIR,,F,29:10,
1325,ANDRADA POPESCU,,F,29:13,
1326,RACHEL BURGER,,F,29:13,
1328,LILY PROSTIC,,F,29:16,
1327,SIENNA SIGNORELLO,,F,29:16,
1329,LISA CONNOLLY,,F,29:16,
1330,KIM SCHIEFELBEIN,,F,29:19,
1331,IABELLE MARKEL,,,29:20,
1332,SHARON SINGER,,F,29:21,
1333,MARGARET MILLER,,F,29:25,
1334,LAURA MACKEY,,F,29:26,
1335,GARY ANDERSEN,,M,29:27,
1336,MEGAN MAINES,,F,29:27,
1338,WILLIAM FLYNN,,M,29:28,
1339,AYSU TZIAHANAS,,F,29:28,
1337,JIM JONES,,M,29:28,
1341,TOM HULLIHAN,,M,29:29,
1340,SHARON SOFINSKI,,F,29:29,
1342,KOHL'S 44,,,29:30,
1343,ASHELY BAGOT,,F,29:31,
1345,KARI JOHNSTON,,F,29:32,
1344,MARY LOCKTON,,F,29:32,
1346,ERICA KENNEDY,,F,29:34,
1348,KOHL'S 99,,,29:35,
1347,JOSEPH GOTTLIEB,,M,29:35,
1349,SHERRI SALIANO,,F,29:36,
1351,MEGEN BRIARS,,F,29:37,
1350,ALIANA DEANY,,F,29:37,
1352,Athlete Unknown,,,29:38,
1353,KATHERINE CHIAD,,F,29:39,
1354,SOHAIL KHAN,,M,29:42,
1355,RAFFI NAZERIAN,,M,29:45,
1356,MAYA SHUKLA,,F,29:46,
1358,EDWARD ASNER,,M,29:47,
1357,ROMAN ANTOFICA,,M,29:47,
1359,DANA GRADMAN,,F,29:51,
1360,MAILE RAFF,,F,29:53,
1362,KATHRYN PILARSKI,,F,29:54,
1361,MARGARET SURZ,,F,29:54,
1364,ARIANA WILSON,,F,29:55,
1363,BURGESS WILSON,,M,29:55,
1365,Athlete Unknown,,,29:59,
1366,SARAH LUDWIG,,F,30:04,
1367,AMBER RODRIGUEZ,,F,30:07,
1368,ROB GJERLOW,,M,30:08,
1369,DIANNE GIBSON,,F,30:09,
1370,BELLA BERMAN,,F,30:10,
1371,EGLE MALINAUSKAITE,,F,30:10,
1373,SHARON MAGUIRE,,F,30:11,
1374,MARY ANN BENDER,,F,30:11,
1372,KOHL'S 167,,,30:11,
1375,TIM HOWARD,,M,30:12,
1376,EDWARD MILLAR,,M,30:13,
1377,ANDREW OLSON,,M,30:13,
1378,Athlete Unknown,,,30:14,
1379,EDWARD CAPARELLI,,M,30:16,
1380,VICKI PETRITZ,,F,30:16,
1381,JAKE KRUPINSKI,,M,30:17,
1382,JOHN KRUPINSKI,,M,30:18,
1384,ANNE BERENS,,F,30:19,
1383,DAVID BIRD,,M,30:19,
1385,AMIT PAREKH,,M,30:20,
1386,KENNETH WEISSMAN,,M,30:20,
1387,BEVERLY SCARR,,F,30:23,
1389,KOHL'S 57,,,30:26,
1388,TERRY PAGANO,,F,30:26,
1390,RADHA PAREKH,,F,30:27,
1391,JASMIN GONZALEZ,,F,30:28,
1392,CHARLIE LOVETT,,M,30:28,
1394,LISA ULBERT,,F,30:30,
1393,CATHERINE DAYAGDAG,,F,30:30,
1395,ABBY MAGUIRE,,F,30:32,
1398,MEGHAN CRISP,,,30:32,
1396,DAVID BAFFA,,M,30:32,
1397,DOMENICO SCALETTA,,M,30:32,
1399,BENNETT LOVETT,,M,30:33,
1400,RENA KULIYEVA,,F,30:35,
1402,ELIZABETH MASON,,F,30:36,
1401,RINEID ROUFAIL,,M,30:36,
1403,JADE PEI,,F,30:37,
1404,CHRISTINA WARNER-METZGER,,F,30:40,
1405,VINOVA CEREN DENIZ KORAY,,F,30:41,
1406,KOHL'S 93,,,30:44,
1408,SABRINA HINKENS,,F,30:45,
1407,ERICA LORD,,F,30:45,
1410,KOHL'S 4,,,30:46,
1409,CAROLINE BROEREN,,F,30:46,
1412,JACKIE CASTRO,,F,30:47,
1411,ARIN CHILCOTE,,M,30:47,
1413,MANUEL SUAREZ,,M,30:48,
1414,MADELINE CHILCOTE,,F,30:50,
1415,CHRISTOPHER CUADRA,,M,30:51,
1416,PUNEET MANSHARAMANI,,M,30:52,
1418,MELISSA SPINO,,F,30:54,
1417,JAIME SEIDEL,,F,30:54,
1420,DON MEANS,,M,30:56,
1419,PRAGYA MISHRA,,F,30:56,
1422,CHRISTOPHER LUPO,,M,30:57,
1421,CHARLES CHILCOTE,,M,30:57,
1423,MARY BRIDICH,,F,31:00,
1424,EDDIE REEVES,,M,31:01,
1425,EILEEN COLLINS,,F,31:06,
1426,LARRY MANSON,,M,31:08,
1427,KOHL'S 51,,,31:09,
1428,SANDRA BOLES,,F,31:11,
1429,CASEY O'NEILL,,F,31:11,
1430,LYNN MEANS,,F,31:14,
1432,JULIE KENNEDY,,F,31:17,
1431,KOHL'S 55,,,31:17,
1433,VIC GUERRIERI,,M,31:17,
1434,ROB SWARCZEWSKI,,M,31:18,
1435,JOHNNY KOERNER,,M,31:20,
1436,KOHL'S 170,,,31:21,
1438,KARI HICHBORN,,F,31:22,
1437,KOHL'S 116,,,31:22,
1441,JESUS GUTIERREZ,,M,31:24,
1439,TRACEY SCHEPPACH,,F,31:24,
1442,ANDREAS MERKEL,,M,31:24,
1440,LOULA MERKEL,,F,31:24,
1443,GLENN LEONARD,,M,31:25,
1444,COLLEEN LOFTUS,,F,31:25,
1445,DOUG RETTIG,,M,31:27,
1446,LINDA BLUMENTHAL,,F,31:28,
1447,BILL COON,,M,31:29,
1448,DAVI HIRSCH,,F,31:29,
1449,SHERRI HOOD,,F,31:30,
1450,ERIKA TULIPANO,,F,31:33,
1451,KOHL'S 71,,,31:34,
1453,YESENIA RAMIREZ,,F,31:35,
1452,JULIA KUBIK,,F,31:35,
1455,TARA LEONARD,,F,31:36,
1454,RYAN RYBCZYK,,M,31:36,
1456,SARAH WHITMORE,,F,31:39,
1457,JEFFREY RUBIN,,M,31:39,
1458,TATIANA OSTANINA,,F,31:45,
1459,ZACH RYBCZYK,,M,31:45,
1460,MEDHA TIRUMALAREDDY,,M,31:48,
1461,JESSICA ZWOLFER,,F,31:49,
1462,ANTONIA RICCHIO,,F,31:50,
1463,BARBARA MOTKOWSKI,,F,31:53,
1465,PATRICK ECKERLE,,M,31:55,
1466,JEANNIE LEITHERER,,F,31:55,
1464,JOSEPH DE JESUS,,M,31:55,
1467,MEGAN SECHOWSKI,,F,31:59,
1470,NORA TEN BROECK,,F,32:00,
1469,MARGARET GLASCOTT,,F,32:00,
1472,Athlete Unknown,,,32:00,
1471,DORI MEYERS,,F,32:00,
1468,CHRISTY ARNOLD,,F,32:00,
1473,NORMA MONTELONGO,,F,32:01,
1474,STEVEN GRANT,,M,32:02,
1476,AUDREY JULATON,,F,32:05,
1475,WENDY SOKOLUK,,F,32:05,
1477,OLUGBENGA ISHMAEL,,M,32:05,
1478,LINDA ADAMS,,F,32:07,
1479,VICKI MOY,,F,32:07,
1480,LAURA BRIARS,,F,32:10,
1481,RAFAEL GOMES,,,32:12,
1482,KOHL'S 179,,,32:12,
1483,SHANNON KECK,,F,32:13,
1486,BREANNA PAGE,,F,32:15,
1484,ELIZABETH GLUCK,,F,32:15,
1485,KOHL'S 117,,,32:15,
1487,MIKE ZERA,,M,32:16,
1489,JOY MAROS,,F,32:17,
1488,DENISE MUELLER,,F,32:17,
1490,MICHAEL MCLAUGHLIN,,M,32:19,
1491,TONY SCHMIDT,,M,32:23,
1492,CHARLES RICHTFORT,,M,32:25,
1494,SUSAN HELT,,,32:28,
1493,EDWARD MAHER,,M,32:28,
1496,KOHL'S 34,,,32:29,
1495,HENRY OSORIO,,M,32:29,
1497,BRUNO KOLOM,,M,32:30,
1498,CHLOE HELT,,,32:31,
1500,MELISSA KOLOM,,F,32:32,
1499,STEFANIA CAMPO,,F,32:32,
1502,BRITTANY BAINS,,F,32:35,
1501,CHRISTOPHER ZWIERCAN,,M,32:35,
1503,NICOLE ZWIERCAN,,F,32:36,
1504,ALEX AARONSON,,F,32:37,
1505,MAIA FORHMAN,,F,32:40,
1506,STEVEN KUNZE,,M,32:41,
1507,KATE SANDERSON,,F,32:43,
1508,KIRK SPIETH,,M,32:43,
1509,JIM OPPENHEIMER,,M,32:43,
1510,BEATRICE RUIZ,,,32:44,
1511,CAMILLE FRON,,F,32:46,
1512,NIGEL HORAK,,M,32:46,
1513,CAROLINE AARONSON,,F,32:47,
1514,KOHL'S 185,,,32:50,
1516,KOHL'S 23,,,32:52,
1515,JANE HORAK,,F,32:52,
1517,JULIA SCHICK,,F,32:55,
1518,JIL DEHEEGER,,F,32:57,
1519,KELLIE KAMINSKI,,F,32:58,
1520,JANICE RAUCCI,,F,32:59,
1522,JOELLYN MCMEEL,,F,33:01,
1521,KELLY ANDERSON,,F,33:01,
1523,MIA CABALLEROS,,F,33:04,
1524,MARY ELIZABETH STECH,,F,33:11,
1525,MAUREEN CRINION,,F,33:15,
1526,MARGARET CREDO,,F,33:17,
1527,MYESHA MCCLENDON,,F,33:22,
1528,JAMES LANG,,M,33:24,
1529,CHIMERE BROWN,,F,33:24,
1531,DEB LANG,,F,33:25,
1530,FADI SALEM,,M,33:25,
1532,MICHELLE LASAK,,F,33:27,
1533,ANDREW BRAINARD,,M,33:29,
1534,ARWYN STECH,,F,33:31,
1535,JOE KACERGIS,,M,33:33,
1538,KOHL'S 14,,,33:40,
1537,DAVID FELDMAN,,M,33:40,
1536,BARBARA BREEN,,F,33:40,
1539,SYDNEY DOERGE,,,33:42,
1540,KEVIN,,,33:43,
1541,MICHAEL AHERN,,M,33:43,
1542,ROBIN DOERGE,,,33:45,
1543,MALIA TIO,,,33:46,
1545,ALAN NAZERIAN,,M,33:50,
1544,LORI WISPER,,F,33:50,
1546,LINDSAY WINEGARD,,F,33:51,
1548,SAM ACKERMAN,,,33:54,
1547,MARINA DRAPER,,F,33:54,
1549,HEATHER KIRBY,,F,33:55,
1550,BRIANNA GEIST,,F,33:56,
1551,JENELL BALITEWICZ,,F,33:56,
1553,WOLAZAN ZHANG,,,33:57,
1552,KATHERINE MORRIS,,F,33:57,
1554,Athlete Unknown,,,33:58,
1555,AVIA GUPTA,,,34:05,
1556,ANNUNZIATA RICCHIO,,F,34:07,
1557,JULIA SORRENTINO,,F,34:10,
1558,KOHL'S 3,,,34:11,
1559,TERRIN NASATIR,,F,34:15,
1561,CATHERINE BROWN,,F,34:17,
1560,SOFIA CAMPO,,F,34:17,
1562,KOHL'S 72,,,34:21,
1564,LINDA DEANY,,F,34:21,
1563,ANUPY GUPTA,,,34:21,
1565,ALEX ZUTOVSKY,,M,34:22,
1566,ROSARIA RICCHIO,,F,34:23,
1567,DIMPLE SHUKLA,,F,34:24,
1569,DAVID KRIVOSHIK,,,34:25,
1570,SUE VANG,,F,34:25,
1568,JILLIAN PARRILLI,,F,34:25,
1571,MAUREEN SWEENEY,,F,34:28,
1572,JENNIE DEANY,,F,34:28,
1573,KOHL'S 160,,,34:31,
1575,KOHL'S 5,,,34:32,
1574,SUSAN KRIVOSHIK,,,34:32,
1576,ROBERT KOLEP,,M,34:33,
1578,TIM HORN,,M,34:34,
1577,JAMES BARRY,,M,34:34,
1579,ANDREA HORN,,F,34:35,
1580,KOHL'S 6,,,34:37,
1582,PATRICK DUNNE,,M,34:38,
1583,DAN HAGEN,,M,34:38,
1581,ADAM GOLDMAN,,M,34:38,
1584,DINA DEMORY,,F,34:43,
1586,KOHL'S 94,,,34:44,
1585,ALAN FRANCIS,,M,34:44,
1587,KOHL'S 45,,,34:45,
1588,MIKE MORELLI,,,34:46,
1589,SHELBY MONTGOMERY,,F,34:48,
1590,AON AON,,,34:51,
1591,PAUL CRONIN,,M,34:51,
1592,ABEL PRESAS,,M,34:52,
1593,DANIEL O'CONNOR,,M,34:55,
1594,KYM ABRAMS,,,34:57,
1595,BUGEAG,,,34:58,
1597,RON KREMER,,M,35:00,
1596,GEETA CHAUDHARI,,F,35:00,
1598,KOHL'S 37,,,35:02,
1599,HEATHER KREMER,,F,35:02,
1600,REBECCA BOLLUYT,,F,35:04,
1601,TERRI WOOD,,F,35:07,
1602,SHAYNA FREEMAN,,F,35:07,
1603,THOMAS BUGEAG,,M,35:09,
1604,KATHERINE DESROSIERS,,F,35:10,
1605,JEFFREY KREMER,,M,35:11,
1606,NICOLETTE COORLAS,,F,35:12,
1607,EVAN LANE,,M,35:12,
1608,SHRIYA CHAUDHARI,,F,35:13,
1609,MICHAEL FREEMAN,,M,35:13,
1610,JULIUS FARRELL,,,35:14,
1611,TERESA MCCULLICK,,F,35:21,
1612,SUSAN HULTQUIST,,F,35:22,
1613,ANNE MAULDING,,F,35:24,
1614,KELSEY NORTHWAY,,F,35:28,
1615,KEITH WELCH,,M,35:29,
1616,BARBARA FORD,,F,35:29,
1617,AMANDA WOZNIAK,,F,35:29,
1618,JOE NORTHWAY,,M,35:30,
1619,LYNN PAHL,,F,35:31,
1620,MICHAEL GOLEBIOWSKI,,M,35:31,
1621,KELLY GOSSMAN,,F,35:33,
1622,MARTHA CARPENTI,,F,35:33,
1623,MARISA CULLOTTA,,F,35:34,
1624,MONIKA LENART,,F,35:36,
1625,KOHL'S 91,,,35:39,
1626,ERICK CASTANEDA,,M,35:40,
1627,DAVID ALLEGRETTI,,M,35:41,
1628,KAREN BERTA,,F,35:41,
1629,BONNIE BRUNO,,F,35:41,
1630,EMMA GOSSMAN,,F,35:42,
1631,KOHL'S 76,,,35:47,
1632,AMIT KALRA,,M,35:51,
1633,ARJUN KALRA,,M,35:51,
1634,EMMA DECOSTA,,F,35:53,
1635,ROBERT CRISP,,,35:54,
1636,ELLA HULTQUIST,,F,35:54,
1637,GENEVA VERA,,F,35:54,
1638,KOHL'S 87,,,35:56,
1639,Athlete Unknown,,,35:56,
1640,CLINT HOLDER,,M,35:57,
1641,GRAY HULTQUIST,,F,35:58,
1642,KYLIE CICHOCKI,,F,35:59,
1643,HILARY HOLDER,,F,36:02,
1644,CHRIS HULTQUIST,,M,36:04,
1645,DAN GOSSMAN,,M,36:06,
1646,KEVIN DUNHAM,,M,36:06,
1647,MELISA KATZ,,F,36:07,
1648,AUBREY PERLEE,,F,36:08,
1649,KRISTA ANDERSON,,F,36:08,
1650,GERALD CAHILL,,,36:08,
1651,LISA SUTTON,,F,36:13,
1652,DONNA-MARIE CULLOTTA,,F,36:13,
1653,LAURA MILLER,,F,36:13,
1654,LISA WATTERS,,F,36:13,
1655,RAY HOLLAND,,M,36:15,
1656,NATALIE HULTQUIST,,F,36:17,
1657,JEFF PAUSTIAN,,M,36:23,
1658,NIDHI DESAI,,F,36:26,
1659,SAMANTHA SHELEY,,F,36:28,
1660,LEN STEIN,,M,36:28,
1661,TIMOTHY KOMENDA,,M,36:29,
1662,ETHAN RICHER,,M,36:30,
1663,JAMES KARNICK,,M,36:31,
1664,ANTHONY KARNICK,,M,36:31,
1665,VICTORIA GUY,,F,36:33,
1666,ELIZABETH COMPTON,,F,36:35,
1667,TARA SKOLE,,F,36:35,
1668,JAIME LOPEZ,,M,36:38,
1669,HARSHA BEERAM,,M,36:38,
1670,VICKI SPILLER,,F,36:41,
1671,KOHL'S 73,,,36:42,
1672,KRISTEN NOWAK,,F,36:43,
1673,CHRISTIAN NOWAK,,M,36:44,
1674,KAREN LEURCK,,F,36:44,
1675,MIKE BORDES,,M,36:45,
1676,MICHELLE MULLEN,,F,36:47,
1677,ELAN BERLE,,M,36:50,
1678,NIKOLUS GUY,,M,36:50,
1679,JERRY NOWAK,,M,36:55,
1680,KIMBERLY DUNHAM,,F,36:59,
1681,KOHL'S 119,,,36:59,
1682,Athlete Unknown,,,37:01,
1683,LEE ANN WASZAK,,F,37:01,
1684,ROBERT SPANN,,M,37:05,
1685,DAVID METZGER,,M,37:06,
1686,MARIA PAPA,,F,37:18,
1687,SHAWN PAYNE,,M,37:18,
1688,ADAM RICHER,,M,37:24,
1689,MILTON KINNISON,,M,37:25,
1690,JORDAN FERRANTELLI,,M,37:27,
1691,Athlete Unknown,,,37:29,
1692,MAYCIE COOPER,,F,37:32,
1693,DOROTHY WILLIAMS,,F,37:34,
1694,LARON ROSSER,,M,37:38,
1695,KOHL'S 145,,,37:40,
1696,SANDRA LOPEZ,,F,37:40,
1697,ALEXANDER LOPEZ,,M,37:42,
1698,ADRIANA LOPEZ-SALAZAR,,F,37:44,
1699,RANDY ASHE,,M,37:51,
1700,NOEMI LOPEZ,,F,37:51,
1701,NATALIE KIM,,,37:56,
1702,MAXINE GUTIERREZ,,F,37:56,
1703,SANDRA VALTIERRA,,F,38:01,
1704,BESSIE APOSTOLOPOULOS,,F,38:01,
1705,PAULA WEISSMAN,,F,38:02,
1706,NATHAN GALLAWAY,,M,38:04,
1707,BARTLOMIEJ SIEPIERSKI,,M,38:04,
1708,MARY TOMAK,,F,38:04,
1709,STAMATIA MEMMOS,,F,38:05,
1710,LYNDA MATABAN,,F,38:06,
1711,CAROLINE MEDINA,,F,38:09,
1712,KAROLINA ZAWADZKA,,F,38:13,
1713,RADHIKA THOTAKURA,,F,38:16,
1714,MATTHEW BOSWELL,,M,38:20,
1715,KOHL'S 188,,,38:22,
1716,SANIYAH PAGE,,F,38:25,
1717,CARYN FRIEDMAN,,F,38:26,
1718,BRIAN ZALEWSKI,,M,38:30,
1719,DWAIN BROOKS,,M,38:35,
1720,JERRY SOVERINSKY,,M,38:36,
1721,KOHL'S 41,,,38:36,
1722,Athlete Unknown,,,38:37,
1723,ISABELLA ZALEWSKI,,F,38:38,
1724,Athlete Unknown,,,38:40,
1725,KOHL'S 169,,,38:40,
1726,MAX SOVERINSKY,,M,38:41,
1727,KOHL'S 63,,,38:42,
1728,RACHEL JACOBSON,,F,38:42,
1729,RYAN HULL,,M,38:43,
1730,JANA SOVERINSKY,,F,38:44,
1731,KOHL'S 181,,,38:45,
1732,JOEL GOLDSTEIN,,M,38:49,
1733,JOSEPH KOHBERGER,,M,38:50,
1734,MARK BLUMENTHAL,,M,38:51,
1735,ELIZABETH MARKIEWICZ,,F,38:52,
1736,MICHAEL CULLOTTA,,M,38:56,
1737,KOHL'S 56,,,38:58,
1738,ORENCES CHRISTIAN,,M,38:58,
1739,LINDA TIMMONS,,F,38:59,
1740,WHITNEY CAMERON,,,39:04,
1741,KOHL'S 32,,,39:15,
1742,Athlete Unknown,,,39:15,
1743,RACHEL YACKLEY,,F,39:20,
1744,JAMES SCHALLMAN,,M,39:21,
1745,DYLAN HULL,,M,39:27,
1746,KOHL'S 122,,,39:29,
1747,KOHL'S 135,,,39:31,
1748,KOHL'S 68,,,39:32,
1749,BOB DEVRIES,,M,39:33,
1750,KOHL'S 69,,,39:33,
1751,ERIN LOWENTHAL,,F,39:34,
1752,FAHD ALVI,,M,39:37,
1753,LESLIE LANDMAN,,F,39:38,
1754,SHERYL JOHNSON,,F,39:41,
1755,TARYN BAKER,,F,39:45,
1756,PAT SORRENTINO,,M,39:54,
1757,DANIEL RICCHIO,,M,39:57,
1758,RENATO RICCHIO,,M,39:58,
1759,JOSLYN BAIT,,F,40:01,
1760,BRIANA GAITAN,,F,40:01,
1761,Athlete Unknown,,,40:03,
1762,Athlete Unknown,,,40:07,
1763,KOHL'S 106,,,40:07,
1764,KOHL'S 110,,,40:09,
1765,AILEEN HILL,,F,40:09,
1766,ASHWINI SAWHNEY,,,40:14,
1767,MARY KOHBERGER,,F,40:16,
1768,KOHL'S 175,,,40:16,
1769,PHIL WIERZBINSKI,,M,40:18,
1770,KOHL'S 82,,,40:30,
1771,ALBERT RICCHIO,,M,40:35,
1772,PATRICIA MOGLIA,,F,40:45,
1773,CALLIE BEJASA,,F,40:46,
1774,DANIEL FRAUENHEIM,,,40:54,
1775,STEVE ANDREAT,,M,40:57,
1776,JULIE SCHMIDT,,F,40:59,
1777,REBECCA DOMBROWSKI,,F,41:00,
1778,KOHL'S 113,,,41:01,
1779,S. RANJIT,,M,41:03,
1780,LAUREN CAMER,,F,41:08,
1781,JERRY MCKNIGHT,,M,41:12,
1782,JOHN BAUER,,M,41:14,
1783,SOPHIA DENISIUK,,F,41:18,
1784,KOHL'S 147,,,41:20,
1785,MARTA DUL-DENISIUK,,F,41:22,
1786,RICHARD NASATIR,,M,41:22,
1787,KOHL'S 173,,,41:29,
1788,FRIDA FLORES,,F,41:30,
1789,GRACE WINTER,,F,41:31,
1790,MARY KATE GAMBER,,,41:33,
1791,LUCAS IZAGUIRRE,,M,41:34,
1792,OLIVIA TRITSIS,,F,41:38,
1793,CONNOR DOMINICK,,M,41:38,
1794,RINA CERVONE,,F,41:40,
1795,KIM VILLANI,,F,41:41,
1796,IRENE MORSE,,F,41:41,
1797,RORY DOMINICK,,F,41:44,
1798,MATTHEW DOMINICK,,M,41:48,
1799,SARAH GRIFFIS,,F,41:50,
1800,CAMERON DOMINICK,,M,41:57,
1801,KOHL'S 13,,,42:11,
1802,MARCY WRZESINSKI,,F,42:12,
1803,KOHL'S 50,,,42:20,
1804,CATALINA DEANY,,F,42:31,
1805,KOHL'S 172,,,42:41,
1806,ROBERT KOERNER,,M,42:42,
1807,HARIKA GUNNA,,F,42:42,
1808,CASSIA BOSWELL,,F,42:53,
1809,TONY MARINEAU,,F,42:58,
1810,Athlete Unknown,,,42:58,
1811,AMY CARNAHAN,,F,43:01,
1812,BRENDA ADAMS,,F,43:08,
1813,KOHL'S 10,,,43:12,
1814,CONNOR LARAMIE,,M,43:14,
1815,ZULEMA LOPEZ,,F,43:15,
1816,MICAH PALMET,,M,43:20,
1817,JASON BERG,,M,43:21,
1818,REBECCA GAUNKY,,F,43:21,
1819,BRITTANY LOPEZ,,F,43:21,
1820,VAL SIAS,,F,43:24,
1821,CATRIONA WHELAN,,F,43:24,
1822,JIM MARTIN,,M,43:25,
1823,ALEXA ROSENBLOOM,,F,43:30,
1824,BRENDAN LARAMIE,,M,43:33,
1825,DAVID KOVAR,,M,43:34,
1826,ANDREW KOVAR,,M,43:42,
1827,RYAN LARAMIE,,M,43:42,
1828,SHEALAGH LARAMIE,,F,43:44,
1829,BRIDGET COOPER,,F,43:56,
1830,ROBERT COOPER,,M,43:56,
1831,RICHARD LARAMIE,,M,43:58,
1832,VANESSA WILSON,,F,44:05,
1833,KOHL'S 157,,,44:14,
1834,OLIVER KWAN,,M,44:19,
1835,PETER BULANDR,,M,44:22,
1836,Athlete Unknown,,,44:31,
1837,KOHL'S 28,,,44:33,
1838,KOHL'S 111,,,44:41,
1839,WILL WICHMAN,,M,44:49,
1840,AON AON,,,44:49,
1841,COLIN CRISP,,,44:49,
1842,MIKE LAROCCA,,M,44:58,
1843,ARNOLD WALD,,M,44:58,
1844,KOHL'S 49,,,45:10,
1845,KOHL'S 48,,,45:12,
1846,KATHERINE LOHMEYER,,F,45:15,
1847,DANIEL SCHMIDT,,M,45:18,
1848,TRACY BROOKS,,M,45:20,
1849,Athlete Unknown,,,45:21,
1850,LILLIAN VASQUEZ,,F,45:28,
1851,JOCELYN CASTREJON,,F,45:31,
1852,MELISSA WICHMAN,,F,45:37,
1853,PRABHAT SINGH,,M,45:42,
1854,SMERA SINGH,,F,45:50,
1855,KOHL'S 151,,,46:00,
1856,KOHL'S 78,,,46:03,
1857,PETYA STEFANOVA,,F,46:13,
1858,KIM PHELAN,,,46:18,
1859,AMIRI CURRY,,M,46:34,
1860,CLAIRE MELLIN,,F,46:44,
1861,KOHL'S 131,,,46:46,
1862,MICHELE DARBY,,F,46:49,
1863,LAUREN CASASANTO,,F,46:52,
1864,MONIQUE FRAUENHEIM,,,46:56,
1865,CATHERINE MCGILL,,F,46:57,
1866,CONNOR ZALEWSKI,,M,47:00,
1867,TAYLOR FRANKLIN,,F,47:12,
1868,CHRISTINA DIETZ,,F,47:24,
1869,Athlete Unknown,,,47:38,
1870,KOHL'S 9,,,47:54,
1871,DOMINIC HERNANDEZ,,M,47:57,
1872,BENJAMIN HERNANDEZ,,M,48:00,
1873,ASHLEY GARCIA,,F,48:06,
1874,KOHL'S 146,,,48:38,
1875,AMANDA ALBRECHT,,F,48:44,
1876,PATRICK MORRIS,,M,48:56,
1877,AMELIA JONES,,F,49:08,
1878,Athlete Unknown,,,49:43,
1879,GABE SEABERT,,M,49:44,
1880,BRETT OWEN,,M,49:55,
1881,CHARLOTTE GAGE,,F,49:57,
1882,MARIA KOVAR,,F,49:57,
1883,KOHL'S 191,,,49:58,
1884,KOHL'S 190,,,50:04,
1885,TODD HORAK,,M,50:05,
1886,KOHL'S 163,,,50:07,
1887,FIL DRYJA,,M,50:08,
1888,LARRY PIROVANO,,M,50:15,
1889,KOHL'S 195,,,50:16,
1890,JULIA SHAUGER,,F,50:20,
1891,KOHL'S 189,,,50:21,
1892,ZACH DECOSTER,,,50:25,
1893,KOHL'S 80,,,50:25,
1894,JAQCQUELINE MACDONALD,,F,50:51,
1895,JENNIFER ATKINSON,,F,51:02,
1896,JENNY HEMPHILL,,F,51:03,
1897,KRISTINA ANDERSON,,F,51:14,
1898,JESSICA SPENCER,,F,51:14,
1899,MARIA ELENA GUZMAN,,F,51:15,
1900,JENNIFER CHRISTENSON,,F,51:20,
Place,Athlete Name,Age,Gender,Finish Time ,
1901,KOHL'S 137,,,51:22,
1902,NANDINI MANSHARAMANI,,F,51:22,
1903,AMY NOWAK,,F,51:26,
1904,MADELYN NOWAK,,F,51:29,
1905,CHRISTINA CORTEZ,,F,51:29,
1906,SCOTT HEMPHILL,,M,51:34,
1907,ANYA SEABERT,,F,51:42,
1908,KEVIN HENEGHAN,,M,51:51,
1909,KOHL'S 65,,,52:11,
1910,KOHL'S 67,,,52:13,
1911,KOHL'S 42,,,52:18,
1912,KOHL'S 30,,,52:18,
1913,KOHL'S 31,,,52:21,
1914,PERRIANN MEADOW,,F,52:26,
1915,LINDA KIM,,,52:41,
1916,Athlete Unknown,,,52:45,
1917,LISA HUNT,,F,52:51,
1918,KOHL'S 105,,,52:57,
1919,ETHAN BEBE,,M,52:57,
1920,RYAN BEBE,,M,53:00,
1921,CARLY PALMER,IL,,F,119
1922,JULIA TAO,,F,53:11,
1923,RICHARD BANACH,,M,53:16,
1924,ASHLEIGH MORRIS,,F,53:18,
1925,ADDISON KRUPINSKI,,F,53:24,
1926,ELIZABETH LORINO,,F,53:25,
1927,SHIRA PALMER,IL,,F,119
1928,JESSICA MONTELONGO,,F,54:19,
1929,MONICA HRESIL,,F,54:52,
1930,ALEXANDER LORGUS,,M,55:04,
1931,SEOLHYEONG DAYAGDAG,,F,55:09,
1932,CHRIS DAYAGDAG,,M,55:10,
1933,MIKE SWIDER,,F,55:13,
1934,SARAH GIBSON,,F,55:46,
1935,JULIE HELGESEN,,F,55:46,
1936,SAMUEL GIBSON-WERSTLER,,M,55:47,
1937,SARA HORN,,F,55:58,
1938,ELIJAH BEBE,,M,56:32,
1939,ERNESTO BEBE,,M,56:35,
1940,KELLY BEBE,,F,56:39,
1941,GABRIELLA OSORIO,,F,56:45,
1942,BRUCE NAWARA,,M,56:50,
1943,JAMES LEVINE,,M,57:03,
1944,ALEX NISIPEANU,,M,57:12,
1945,STEPHEN SCARR,,M,57:18,
1946,KEVIN KEYS,,M,57:22,
1947,DOUGLAS SCHICK,,M,57:39,
1948,KOHL'S 18,,,57:40,
1949,DAVID SULLIVAN,,M,57:54,
1950,LINDA FLANAGAN,,F,57:58,
1951,FELICIA COX,,F,58:43,
1952,BREANNA THOMAS,,F,58:45,
1953,MARIE RUIZ,,,58:52,
1954,TATIA TYSON,,F,59:01,
1955,MADELEINE BENITEZ,,F,59:52,
1956,JOHN SPALLA,,M,1:00:00,
1957,DANIEL PADILLA,,M,1:00:47,
1958,KOHL'S 85,,,1:01:53,
1959,KOHL'S 128,,,1:01:57,
1960,JAMES ROBY,,M,1:02:10,
1961,KOHL'S 127,,,1:02:10,
1962,KOHL'S 83,,,1:02:13,
1963,IVY DRAGANOVA,,F,1:02:17,
1964,JEANETTE KYLE,,F,1:02:20,
1965,NATALI GIL,,F,1:02:20,
1966,KOHL'S 90,,,1:02:48,
1967,KOHL'S 129,,,1:03:18,
1968,KOHL'S 60,,,1:03:22,
1969,Athlete Unknown,,,1:03:37,
1970,KOHL'S 118,,,1:03:39,
1971,KOHL'S 39,,,1:04:04,
1972,CATHERINE DAVIS,,F,1:04:12,
1973,KOHL'S 38,,,1:04:13,
1974,KOHL'S 103,,,1:04:16,
1975,KOHL'S 8,,,1:04:19,
1976,LAURALYN BULANDR,,F,1:04:23,
1977,KOHL'S 100,,,1:04:26,
1978,DJ OGUNSOLA,,M,1:05:01,
1979,KOHL'S 182,,,1:06:02,
1980,KOHL'S 178,,,1:06:33,
1981,KOHL'S 7,,,1:07:25,
1982,KOHL'S 102,,,1:07:38,
1983,BARBORA SIMERSKA,,F,1:08:52,
1984,REBECA RIVERA,,F,1:08:56,
1985,KOHL'S 108,,,1:09:03,
1986,KOHL'S 43,,,1:09:44,
1987,LAUREN COSTANTINO,,F,1:10:03,
1988,KOHL'S 193,,,1:12:52,
1989,KOHL'S 165,,,1:12:54,
1990,KOHL'S 89,,,1:17:03,
1991,KOHL'S 134,,,1:17:12,
1992,ELAINE LLERENA,,F,1:18:07,
1993,KOHL'S 64,,,1:21:19,
1994,KOHL'S 61,,,1:22:27,
1995,KOHL'S 62,,,1:22:28,
1996,KOHL'S 121,,,1:22:35,
1997,KOHL'S 33,,,1:23:15,
1998,KOHL'S 79,,,1:25:24,
1999,KOHL'S 74,,,1:34:30,
2000,KOHL'S 58,,,1:34:51,
2001,KOHL'S 59,,,1:35:03,
2002,KOHL'S 54,,,1:37:11,
2003,KOHL'S 52,,,1:37:23,
2004,KOHL'S 53,,,1:37:24,
